epoch,training_mse,validation_mse
1.0,0.09590226233005524,0.05144180357456207
2.0,0.04203733730316162,0.03495346009731293
3.0,0.032716013833880425,0.031024621799588203
4.0,0.02907613043487072,0.028878292068839073
5.0,0.02739688450098038,0.028075769543647766
6.0,0.026527342915534973,0.027190202847123146
7.0,0.025612376943230628,0.025990689173340797
8.0,0.0245651001483202,0.024816444143652916
9.0,0.023428533107042314,0.023645328357815742
10.0,0.022138434678316117,0.022207051515579224
11.0,0.020780399113893507,0.020836465060710907
12.0,0.019413506686687468,0.019592400640249252
13.0,0.018160088405013083,0.018450986593961716
14.0,0.01712343689799309,0.017459725961089134
15.0,0.016122009053826332,0.016479065641760826
16.0,0.015261455707252026,0.01564696803689003
17.0,0.014385536827147006,0.014701878651976585
18.0,0.013567831419408321,0.01411018893122673
19.0,0.012792266368865967,0.013037135824561119
20.0,0.012159997820854187,0.012410597875714302
21.0,0.011587787576019764,0.01193117443472147
22.0,0.011124188423156739,0.011490528471767902
23.0,0.010665399320423603,0.011033261194825172
24.0,0.010356613352894783,0.010649963282048702
25.0,0.009864468559622764,0.010195869952440262
26.0,0.009504090249538421,0.009721112437546253
27.0,0.009080589272081852,0.00949731282889843
28.0,0.00871161576360464,0.00896486360579729
29.0,0.008330351360142232,0.00866213720291853
30.0,0.008006079465150834,0.008413159288465977
31.0,0.00769976007938385,0.007996764034032822
32.0,0.00741930666193366,0.0077298479154706
33.0,0.007118840046226978,0.007412988226860762
34.0,0.006864113111048937,0.007162417750805616
35.0,0.006635717753320933,0.0070044235326349735
36.0,0.006473595652729273,0.006682833191007376
37.0,0.00621098342910409,0.006509848870337009
38.0,0.00600068848580122,0.006352617871016264
39.0,0.005854757033288479,0.006226345896720886
40.0,0.0057478567957878115,0.005972411949187517
41.0,0.0055734716877341274,0.005926698911935091
42.0,0.005375990867614746,0.005675334483385086
43.0,0.0052382640093564985,0.005436912178993225
44.0,0.005006370477378368,0.00524899922311306
45.0,0.004781501080840826,0.005143790040165186
46.0,0.004659898046404124,0.0049406080506742
47.0,0.0044091628268361095,0.004633035976439714
48.0,0.004261499520391226,0.004477777052670717
49.0,0.00413660604506731,0.004321088083088398
50.0,0.003927210666239261,0.004166740924119949
51.0,0.0037595032937824727,0.004028025548905134
52.0,0.003548387670889497,0.0037695025093853474
53.0,0.0034093547835946083,0.00356972124427557
54.0,0.00326121561601758,0.0034204015973955393
55.0,0.003064113473519683,0.003221791237592697
56.0,0.0029130767695605755,0.003051633946597576
57.0,0.002791169149801135,0.0029269501101225615
58.0,0.002603524560108781,0.002881506225094199
59.0,0.0024983046781271697,0.002703197067603469
60.0,0.002371231799945235,0.002621164545416832
61.0,0.002302538165822625,0.00255512329749763
62.0,0.0022367120161652567,0.0024357216898351908
63.0,0.002176290649920702,0.00243260501883924
64.0,0.002098835015669465,0.0023383554071187973
65.0,0.0020387919377535583,0.0022521456703543663
66.0,0.0019513752711936832,0.0022012051194906235
67.0,0.001884717301465571,0.0020759303588420153
68.0,0.0018338982900604605,0.0020696145948022604
69.0,0.0017902101166546345,0.002033889526501298
70.0,0.001751185384579003,0.0019790001679211855
71.0,0.0017036591358482837,0.0019299796549603343
72.0,0.0016682280898094178,0.0019208956509828568
73.0,0.0016439577899873257,0.0018421463901177049
74.0,0.0015826082136482,0.0018504223553463817
75.0,0.001567068964242935,0.0017872751923277974
76.0,0.0015444211000576616,0.0017535542137920856
77.0,0.0015152526861056685,0.0017105021979659796
78.0,0.0014857770074158908,0.0017004585824906826
79.0,0.0014643591213971377,0.001653388375416398
80.0,0.0014525811318308116,0.0016812012763693929
81.0,0.0014203057968989014,0.001595471054315567
82.0,0.0013890468794852495,0.001591955777257681
83.0,0.0013588173184543848,0.0015647053951397538
84.0,0.0013436076370999218,0.0015678259078413248
85.0,0.0013096595043316484,0.001536499010398984
86.0,0.0012957338793203235,0.001511367387138307
87.0,0.0012722212877124548,0.0016082838410511613
88.0,0.0013182724630460144,0.0016014757566154003
89.0,0.0012568857111036778,0.0015047829365357757
90.0,0.0012319453340023756,0.0014310255646705627
91.0,0.001209004650823772,0.0015064487233757973
92.0,0.0012070128619670868,0.0014387047849595547
93.0,0.0012057114960625768,0.0013843415072187781
94.0,0.0011918345661833883,0.001363870920613408
95.0,0.0011444207038730384,0.0013455972075462341
96.0,0.0011448341077193618,0.001368096680380404
97.0,0.001169811937958002,0.0013695105444639921
98.0,0.0011515770349651575,0.001315681030973792
99.0,0.0011237698001787067,0.0013357674470171332
100.0,0.00111234216298908,0.0012935166014358401
101.0,0.0011063751755282284,0.0013406099751591682
102.0,0.0010988561920821666,0.0013136040652170777
103.0,0.001095003298483789,0.001270780572667718
104.0,0.001058802092447877,0.001304546487517655
105.0,0.0010694161131978035,0.001307781203649938
106.0,0.001045900191180408,0.0012350227916613221
107.0,0.0010356946727260946,0.0012441093567758799
108.0,0.0010398398484103382,0.0011859021615236998
109.0,0.0009847173420712352,0.0011882379185408354
110.0,0.0009987319763749838,0.0011705533834174275
111.0,0.000991228608880192,0.0012217429466545582
112.0,0.0009795430107042194,0.0012184897204861045
113.0,0.0009747469639405608,0.0012022472219541669
114.0,0.0009841071823611855,0.0011828755959868431
115.0,0.0009630835768766701,0.0011374122695997357
116.0,0.0009496608809567988,0.0011392475571483374
117.0,0.0009353317767381668,0.0011877224314957857
118.0,0.0009613834144547582,0.0011771763674914837
119.0,0.0009260837538167835,0.0010889306431636214
120.0,0.0009018370117992163,0.001135774189606309
121.0,0.0009279076596722007,0.0010868319077417254
122.0,0.0009097630111500621,0.0010753300739452243
123.0,0.0009043032517656684,0.001071906415745616
124.0,0.0008925539287738502,0.0010706029133871198
125.0,0.0008879922870546579,0.0010870657861232758
126.0,0.0008966271951794624,0.001038849470205605
127.0,0.0008735627760179341,0.0010805396595969796
128.0,0.0008771449560299516,0.0010530116269364953
129.0,0.0009164278591051697,0.0011805061949416995
130.0,0.0009135197764262557,0.0010325134498998523
131.0,0.0008705907440744341,0.001065989607013762
132.0,0.000872234026901424,0.0010343744652345777
133.0,0.0008655051561072468,0.0010420731268823147
134.0,0.0008302371837198735,0.00103502138517797
135.0,0.0008338107047602535,0.0010397863807156682
136.0,0.0008440467352047562,0.0010128699941560626
137.0,0.0008173909881152212,0.001029198756441474
138.0,0.0008258173558861017,0.0009837730322033167
139.0,0.0008075980842113495,0.0010474222945049405
140.0,0.0008007607506588101,0.000984999700449407
141.0,0.0008062472105957567,0.0009835419477894902
142.0,0.0007933061281219125,0.0009992305422201753
143.0,0.00080587612465024,0.0010595640633255243
144.0,0.0008085391544736921,0.001003673067316413
145.0,0.0007901692134328187,0.0009496191050857306
146.0,0.0007613068404607474,0.0009302558028139174
147.0,0.0007635560650378466,0.0009547708323225379
148.0,0.0007498718961142004,0.000935667019803077
149.0,0.0007420428888872266,0.00092056964058429
150.0,0.0007729270285926759,0.0009623744408600032
151.0,0.0008169577200897038,0.000948827073443681
152.0,0.0007776783942244947,0.0009293628972955048
153.0,0.00075206594215706,0.000915704935323447
154.0,0.00072556417202577,0.0009008290362544358
155.0,0.0007293149372562766,0.0009224778041243553
156.0,0.0007573469993658364,0.0009295499767176807
157.0,0.0007426625159569084,0.0008951021591201425
158.0,0.0007492282106541097,0.0009553084964863956
159.0,0.000744818203151226,0.000892030366230756
160.0,0.0007135968194343149,0.0009017520351335406
161.0,0.0006974529246799647,0.0008882972178980708
162.0,0.0007084244475699961,0.000929554458707571
163.0,0.0007092797970399261,0.0008420042577199638
164.0,0.0007025988125242292,0.0008593981619924307
165.0,0.0006787144993431867,0.0008548201294615865
166.0,0.0006699549006298184,0.0008779925992712379
167.0,0.0006804000339470803,0.0008513295324519277
168.0,0.0006826302567496896,0.0008908252930268645
169.0,0.0006786412708461284,0.0009486132184974849
170.0,0.00069721610378474,0.0008534884545952082
171.0,0.0006820938987657428,0.0008911106851883233
172.0,0.0007038519862107933,0.0008417965145781636
173.0,0.0006966173085384071,0.0008835307671688497
174.0,0.0006861353511922061,0.0008540701237507164
175.0,0.0006571920537389815,0.0008539769914932549
176.0,0.0006716063343919814,0.0008291842532344162
177.0,0.0006431710217148066,0.0008160666329786181
178.0,0.0006874379850924015,0.0008492565830238163
179.0,0.0006846464076079429,0.0008688897942192852
180.0,0.0006832331358455121,0.0008511280175298452
181.0,0.0006491693630814552,0.0008154713432304561
182.0,0.0006386967231519521,0.0008430718444287777
183.0,0.0006503483317792416,0.0008252159459516406
184.0,0.0006348444651812315,0.0008908691233955324
185.0,0.0006446652165614068,0.0007936340989544988
186.0,0.0006282020136713981,0.0008263495983555913
187.0,0.0006338757267221808,0.0008638966246508062
188.0,0.000656247427687049,0.0007747995550744236
189.0,0.0006400663973763585,0.0008172609959729016
190.0,0.0006145246177911758,0.0007683141739107668
191.0,0.000586715454235673,0.0007776283891871572
192.0,0.0006027056793682277,0.0007894212030805647
193.0,0.0005986975594423711,0.0007676442037336528
194.0,0.0006033638948574662,0.0007601267425343394
195.0,0.0006254241443239152,0.0007629620376974344
196.0,0.0006014721980318427,0.0007577068754471838
197.0,0.0005952770346775651,0.0008126129396259785
198.0,0.0006032230337150395,0.0008190656662918627
199.0,0.0005976904621347785,0.0007713821833021939
200.0,0.0005801744624041021,0.000733835157006979
201.0,0.0005667497240938246,0.0007576635689474642
202.0,0.000567372353747487,0.0007613946800120175
203.0,0.0005903574186377227,0.0008079219842329621
204.0,0.0005854433113709093,0.0007402374176308513
205.0,0.0005675922529771924,0.0007469175616279244
206.0,0.0005666709197685122,0.0007550446316599846
207.0,0.0005801737881265581,0.0007907284307293594
208.0,0.000572680086363107,0.0007127320277504623
209.0,0.0005575007027946412,0.0007726852782070637
210.0,0.0005623783026821911,0.0007609864114783704
211.0,0.0005582643058151007,0.0007183446432463825
212.0,0.0005658369665034115,0.0007398657617159188
213.0,0.0005451724380254745,0.0007436134619638324
214.0,0.0005661262045614421,0.000748184509575367
215.0,0.0005692930854856968,0.0007256343378685415
216.0,0.0005431104158051312,0.0007049937266856432
217.0,0.0005656721265986562,0.0007738731219433248
218.0,0.00055281767481938,0.000766923651099205
219.0,0.0005480541107244789,0.0007144873961806297
220.0,0.0005561504564248025,0.0007069740677252412
221.0,0.0005484920674934983,0.0007005344377830625
222.0,0.0005527076344005764,0.0007589923916384578
223.0,0.0005480680742766708,0.0006955304997973144
224.0,0.000522910435218364,0.0006923639448359609
225.0,0.0005251400310080499,0.0007642132695764303
226.0,0.0005646507665514946,0.0007401283364742994
227.0,0.0005417103213258088,0.0007043632213026285
228.0,0.0005316987955011428,0.0006909163785167038
229.0,0.000531850059516728,0.000719935167580843
230.0,0.0005344020784832538,0.0006683988613076508
231.0,0.0005154197001829744,0.0006908851792104542
232.0,0.0005152128469198943,0.0007413670537061989
233.0,0.0005188286211341619,0.0006619847263209522
234.0,0.0005092078014276921,0.0006815830711275339
235.0,0.0005170618612319231,0.0007082599331624806
236.0,0.0005220803529955446,0.000710608612280339
237.0,0.0005292301720473915,0.000696218223311007
238.0,0.0005274002340156585,0.0006769773899577558
239.0,0.0004918806259520352,0.0006963651976548135
240.0,0.0005032401839271188,0.0006832328508608043
241.0,0.0005130263874307275,0.0006905534537509084
242.0,0.0004942854191176593,0.000660063698887825
243.0,0.0004917354488279671,0.0007173052290454507
244.0,0.0005041291327215731,0.0006517476285807788
245.0,0.00048096716310828925,0.0006414129748009145
246.0,0.0004877875130623579,0.0006969826645217836
247.0,0.0005112316282466054,0.0006808111211284995
248.0,0.0005020060050301253,0.0006455036345869303
249.0,0.00048289836989715696,0.0006470881635323167
250.0,0.00047898370027542114,0.000676482857670635
251.0,0.000495796908158809,0.0006909873918630183
252.0,0.0004984463334549218,0.0006501749157905579
253.0,0.0004757879062090069,0.0006558859022334218
254.0,0.0004985726773738861,0.0006344674038700759
255.0,0.0004806375596672297,0.000676383264362812
256.0,0.0004932116607669741,0.0006288269651122391
257.0,0.00048264213814400137,0.0006558764143846929
258.0,0.0004656637478619814,0.0006311270990408957
259.0,0.00047682421212084594,0.0006428926135413349
260.0,0.00047786194132640956,0.0006476425915025175
261.0,0.0004700666128192097,0.0006242998060770333
262.0,0.0004680146386381239,0.0006493446417152882
263.0,0.00047676645568571984,0.0006466422928497195
264.0,0.00046560752391815185,0.0006280391244217753
265.0,0.0004670878597535193,0.0006369094480760396
266.0,0.0004702310049906373,0.0006564988871105015
267.0,0.00048718513245694337,0.0006663575186394155
268.0,0.0004897522763349115,0.0006223793025128543
269.0,0.00046902253525331615,0.0006309756427071989
270.0,0.00045700182369910183,0.0006329048192128539
271.0,0.0004538193317130208,0.000635473697911948
272.0,0.00045929850335232913,0.0006183750228956342
273.0,0.00046082670637406407,0.0006157986936159432
274.0,0.0004543663174845278,0.0006355512887239456
275.0,0.00045587950525805357,0.0005995546234771609
276.0,0.00046431895159184934,0.0005965292220935225
277.0,0.00044556337920948863,0.0006124432547949255
278.0,0.00047189526981674133,0.0006309485761448741
279.0,0.0004515234082937241,0.0005993719096295536
280.0,0.000443475176114589,0.0005954054649919271
281.0,0.00045009173918515445,0.0006414853851310909
282.0,0.00047456499421969054,0.0006442564190365374
283.0,0.0004659096875693649,0.0006065965280868113
284.0,0.00045352204726077617,0.0006079545128159225
285.0,0.0004639457641169429,0.0006851040525361896
286.0,0.00045553382043726743,0.0005993302329443395
287.0,0.00042384669953025877,0.0005844279658049345
288.0,0.00042869442724622784,0.0006202824879437685
289.0,0.00043882563477382064,0.0006079203449189663
290.0,0.00043548409547656777,0.0006006009061820805
291.0,0.0004408301203511655,0.0006097258301451802
292.0,0.0004235422301571816,0.0005944593576714396
293.0,0.00043453446682542563,0.0005989512428641319
294.0,0.0004317178027704358,0.000582759384997189
295.0,0.00042082982626743615,0.0005818714271299541
296.0,0.0004428199562244117,0.0005980808055028319
297.0,0.0004378626577090472,0.0005790304858237505
298.0,0.0004213930608239025,0.000574046338442713
299.0,0.0004085963796824217,0.0005820115329697728
300.0,0.00042144277365878223,0.0005834052572026849
301.0,0.0004286285163834691,0.0005770613788627088
302.0,0.00043426414486020805,0.0006574139115400612
303.0,0.00043206296348944305,0.0005791897419840097
304.0,0.00041272185277193787,0.000579330138862133
305.0,0.00042421443946659567,0.0006212796433828771
306.0,0.0004461341009009629,0.0006547063239850104
307.0,0.00045121563668362795,0.0005795492324978113
308.0,0.0004263306937646121,0.0006495023262687027
309.0,0.00042495168442837895,0.0005722283385694027
310.0,0.00040292047383263705,0.0005814047763124108
311.0,0.00042468504002317786,0.0005961597198620439
312.0,0.0004346607569605112,0.0005537192919291556
313.0,0.0004139125389046967,0.0005749245756305754
314.0,0.00041190144838765264,0.0005713379359804094
315.0,0.00041934228455647827,0.0005973993102088571
316.0,0.00040322601585648953,0.0005665827775374055
317.0,0.0003997554408852011,0.0005733237485401332
318.0,0.0004213746150489897,0.0005853228503838181
319.0,0.0003993381860200316,0.0005669833044521511
320.0,0.00039927831199020145,0.000551581964828074
321.0,0.0003957203682512045,0.0005551451467908919
322.0,0.00040517346211709084,0.0005957161774858832
323.0,0.0004202353209257126,0.0005602967576123774
324.0,0.0004217652985826135,0.0005949903279542923
325.0,0.0004359292034059763,0.000620105944108218
326.0,0.000455832221545279,0.0005626066122204065
327.0,0.0004612947702407837,0.0005918432143516839
328.0,0.00041289030062034726,0.0006131402915343642
329.0,0.0004065979477018118,0.0005546750035136938
330.0,0.0003831847740802914,0.0005423277034424245
331.0,0.0003879126268438995,0.0005547229666262865
332.0,0.0004045929410494864,0.0005398959037847817
333.0,0.0003972416194155812,0.0005726870731450617
334.0,0.0003981731575913727,0.0005726679228246212
335.0,0.0004130993550643325,0.0005527897155843675
336.0,0.00038561447570100425,0.000549479853361845
337.0,0.0003786634725984186,0.0005323289660736918
338.0,0.0003769419372547418,0.0005548081826418638
339.0,0.00038026026729494334,0.0005506262532435358
340.0,0.0003853319261688739,0.0005683065392076969
341.0,0.00038843727996572855,0.0005390888545662165
342.0,0.0003853414109908044,0.0005320181371644139
343.0,0.0003966970082838088,0.0005519215483218431
344.0,0.0003952009174972773,0.0005214716657064855
345.0,0.00038646826334297655,0.000586136884521693
346.0,0.0003792550179641694,0.0005381525843404233
347.0,0.0003669660168234259,0.0005574864917434752
348.0,0.00036804238986223935,0.0005318652838468552
349.0,0.0003738088596146554,0.0005104389856569469
350.0,0.00036768100620247426,0.0005158617277629673
351.0,0.0003697248403914273,0.000530016899574548
352.0,0.00036224415712058543,0.0005298424512147903
353.0,0.00037439529155381025,0.0005118668777868152
354.0,0.0003943260284140706,0.0005368954152800143
355.0,0.0003654031914193183,0.0005263459752313793
356.0,0.0003659939004573971,0.0005501589039340615
357.0,0.00038327471818774936,0.0005266612861305475
358.0,0.00036794610926881434,0.0005095771630294621
359.0,0.000360626702895388,0.0005064919823780656
360.0,0.00036981445574201644,0.0005508118774741888
361.0,0.0004295636888127774,0.0006200812640599906
362.0,0.00038976778904907403,0.000518840563017875
363.0,0.0003643044747877866,0.0005109783378429711
364.0,0.0003719239113852382,0.0005214218399487436
365.0,0.00035770845878869295,0.0005239625461399555
366.0,0.0003770672085229307,0.00052266736747697
367.0,0.0003855113422032446,0.0005182910826988518
368.0,0.00037706568534485996,0.0005150880315341055
369.0,0.0003632788741961122,0.0005144721362739801
370.0,0.00036677181953564286,0.0005065028672106564
371.0,0.0003672113947104663,0.0005115962121635675
372.0,0.0003741684812121093,0.0005083996220491827
373.0,0.00034531761915422977,0.000501062604598701
374.0,0.00036840654304251075,0.000521116191521287
375.0,0.00036523584718815984,0.0005133269587531686
376.0,0.0003730373987928033,0.0005121487192809582
377.0,0.0003564669524785131,0.0004944816464558244
378.0,0.0003487295031081885,0.000489931320771575
379.0,0.00035891535249538717,0.0005557607510127127
380.0,0.00035764441080391406,0.0005267770611681044
381.0,0.00035570848593488336,0.0005047285230830312
382.0,0.0003510511708445847,0.0004938709316775203
383.0,0.0003525867487769574,0.0005043868441134691
384.0,0.0003597867290955037,0.000506919517647475
385.0,0.0003608358327765018,0.0005109281628392637
386.0,0.00034751730505377053,0.0004975759657099843
387.0,0.0003893656108994037,0.0005397942150011659
388.0,0.00040350292110815646,0.0005137355183251202
389.0,0.0003605651466641575,0.000517522741574794
390.0,0.00035664314567111435,0.00048563105519860983
391.0,0.00035200737812556324,0.0004814829444512725
392.0,0.0003487364845350385,0.0004954267642460763
393.0,0.00034532028948888185,0.000513219041749835
394.0,0.0003548199136275798,0.0004956535995006561
395.0,0.0003499515966977924,0.0004939670325256884
396.0,0.00034056664328090846,0.0005342935910448432
397.0,0.00036698338808491824,0.0005221081664785743
398.0,0.000351101205451414,0.0004926525871269405
399.0,0.0003421554905362427,0.0004976416821591556
400.0,0.00034523346670903266,0.0004787945654243231
401.0,0.00033743868791498243,0.0004994297050870955
402.0,0.0003471738921944052,0.0004866868839599192
403.0,0.00034544606949202716,0.00048802493256516755
404.0,0.00035770477494224907,0.00048492063069716096
405.0,0.00035880195302888753,0.0004969980218447745
406.0,0.0003521765156183392,0.0004965545376762748
407.0,0.0003527233547065407,0.0004722342127934098
408.0,0.0003303603653330356,0.0005198416183702648
409.0,0.00034140229877084496,0.000461383955553174
410.0,0.0003336930179502815,0.0004812733386643231
411.0,0.00033361628907732665,0.0005292694550007582
412.0,0.00034924923651851716,0.00047659658594056964
413.0,0.0003279356881976128,0.00046198273776099086
414.0,0.0003229486676864326,0.00046872920938767493
415.0,0.0003479517332743853,0.00049322604900226
416.0,0.0003382101538591087,0.000489444297272712
417.0,0.00032751273643225433,0.0004596957587637007
418.0,0.00032342460262589157,0.000481842493172735
419.0,0.0003275789984036237,0.00048231726395897567
420.0,0.0003322407330852002,0.00046248710714280605
421.0,0.00032438149978406726,0.0004545770934782922
422.0,0.00031959464051760735,0.00046305693103931844
423.0,0.00032762690121307966,0.0004682818544097245
424.0,0.00033107497729361056,0.0004810256068594754
425.0,0.0003338160249404609,0.0004951283917762339
426.0,0.00034378561354242264,0.00044433222501538694
427.0,0.0003223563691135496,0.00047492553130723536
428.0,0.0003156562459189445,0.0004983771941624582
429.0,0.0003442491579335183,0.0005090112681500614
430.0,0.0003669938617385924,0.0005371799343265593
431.0,0.0003783528911881149,0.00045010188478045166
432.0,0.00032885725214146076,0.00047749310033395886
433.0,0.0003323897612281144,0.0004721839795820415
434.0,0.00034451311454176904,0.0004918269696645439
435.0,0.00035029050055891274,0.00045856350334361196
436.0,0.00032327472022734583,0.0004715477116405964
437.0,0.0003127007985021919,0.0005178211722522974
438.0,0.0003456093508284539,0.00045932852663099766
439.0,0.00031742160744033753,0.00045215513091534376
440.0,0.0003151773738209158,0.00047114284825511277
441.0,0.00031919865729287267,0.00045672606211155653
442.0,0.0003089637265074998,0.00044776228605769575
443.0,0.00031614236417226493,0.00047032206202857196
444.0,0.00032698164437897504,0.0004896531463600695
445.0,0.0003227929144632071,0.0004992252215743065
446.0,0.0003302280509378761,0.0004414440772961825
447.0,0.0003262634868733585,0.00046069498057477176
448.0,0.00032280738162808123,0.00045570815564133227
449.0,0.0003568806704133749,0.000505398609675467
450.0,0.00034329276508651674,0.00047466621617786586
451.0,0.00034561221348121765,0.0005099975969642401
452.0,0.0003308228082023561,0.00044413437717594206
453.0,0.0003126058597117662,0.0004439433105289936
454.0,0.00032185564492829145,0.00045356867485679686
455.0,0.000318902803119272,0.00045612474787048995
456.0,0.00030634616850875316,0.00046541879419237375
457.0,0.00031958239246159795,0.00044357875594869256
458.0,0.00031719903950579463,0.0004660561680793762
459.0,0.0003131695536430925,0.0004476635658647865
460.0,0.0003068866648245603,0.00043205448309890926
461.0,0.0003069602670148015,0.0004340287996456027
462.0,0.0003037265019956976,0.0004403405182529241
463.0,0.00030571295251138506,0.00048208102816715837
464.0,0.00035209030099213123,0.0004999306984245777
465.0,0.00033039809390902517,0.0004399208992253989
466.0,0.000302441273117438,0.0004333238466642797
467.0,0.00030473275063559415,0.00043395280954428017
468.0,0.00030370078631676735,0.00046633408055640757
469.0,0.00032680452102795243,0.00044865268864668906
470.0,0.00031860144645906986,0.0004323080647736788
471.0,0.00030619229772128165,0.00042852270416915417
472.0,0.000295764027396217,0.00047704955795779824
473.0,0.0003049778959248215,0.0004453613073565066
474.0,0.00031312975310720506,0.00043546021333895624
475.0,0.000293515958590433,0.00045983868767507374
476.0,0.0003079975279979408,0.0004431904526427388
477.0,0.00029717706935480237,0.00044086991692893207
478.0,0.00029581153462640943,0.00043215748155489564
479.0,0.00031693911645561454,0.0004629967443179339
480.0,0.00032124601188115775,0.0004122387617826462
481.0,0.0003014900232665241,0.00047053504385985434
482.0,0.00031382664223201574,0.0004230734775774181
483.0,0.00030762720527127387,0.00044866561074741185
484.0,0.0003337297465186566,0.0004645819717552513
485.0,0.0003292547177989036,0.00044190336484462023
486.0,0.0003221950486768037,0.0004749788495246321
487.0,0.00030653924215584994,0.0004176224465481937
488.0,0.00030609735520556566,0.0004492207372095436
489.0,0.0002946655498817563,0.00042559910798445344
490.0,0.0002909759592730552,0.00042760188807733357
491.0,0.000296005861600861,0.0004513326857704669
492.0,0.00031025053351186216,0.00044127952423878014
493.0,0.0002968682157807052,0.00042545582982711494
494.0,0.000292619479354471,0.00043361380812712014
495.0,0.00030849515087902547,0.0004178941308055073
496.0,0.0003042691599112004,0.00046453982940874994
497.0,0.0002999630698468536,0.00042112768278457224
498.0,0.0002956091584637761,0.00042943540029227734
499.0,0.00029388551670126616,0.00043072199332527816
500.0,0.00030314697441644967,0.0004132369067519903
501.0,0.00028536749398335815,0.0004102271923329681
502.0,0.0002956656347960234,0.0004283838497940451
503.0,0.0002978943847119808,0.00042335822945460677
504.0,0.00030705059273168444,0.0004843351198360324
505.0,0.0003182839150540531,0.0004518742498476058
506.0,0.0003052532144356519,0.00046226585982367396
507.0,0.00030974035151302813,0.00045124426833353937
508.0,0.0003021505679935217,0.0004038979532197118
509.0,0.00029943561484105884,0.00044410975533537567
510.0,0.00029620439279824494,0.0004180144751444459
511.0,0.0002939253046642989,0.0004585656279232353
512.0,0.00030606211512349544,0.0004387940571177751
513.0,0.00031003381474874913,0.000402829289669171
514.0,0.000308752377750352,0.0004360635357443243
515.0,0.0002915205981116742,0.0004124498227611184
516.0,0.0002886128851678222,0.00041035289177671075
517.0,0.0002947361655533314,0.00043560427729971707
518.0,0.0002953075929544866,0.0004241000860929489
519.0,0.0002885069521144033,0.0004060905775986612
520.0,0.00028835281089413913,0.00044464771053753793
521.0,0.00029770226520486176,0.00042931654024869204
522.0,0.0003065798275638372,0.0004317726125009358
523.0,0.00030299392249435184,0.0004137124924454838
524.0,0.00028907974250614644,0.00042301963549107313
525.0,0.00029301394941285254,0.00039060579729266465
526.0,0.000289887263905257,0.000411695713410154
527.0,0.00028773474600166083,0.0003960742615163326
528.0,0.00027117117773741486,0.0004135550407227129
529.0,0.00029377939854748547,0.0004666841996368021
530.0,0.00029574391432106494,0.00040605367394164205
531.0,0.00028115582116879523,0.0004164223500993103
532.0,0.00028283350029960277,0.00041322773904539645
533.0,0.0002761053647845984,0.00039176983409561217
534.0,0.00027366247307509183,0.0003896371927112341
535.0,0.00028868753043934705,0.00040289954631589353
536.0,0.00028315264475531874,0.00040012196404859424
537.0,0.0002883530496619642,0.0004017352475784719
538.0,0.000290332255885005,0.00041892679291777313
539.0,0.00027814397658221425,0.0004023508809041232
540.0,0.0003043893587309867,0.00043805583845824003
541.0,0.00029496858548372986,0.0003999368054792285
542.0,0.0002888109574560076,0.00040361162973567843
543.0,0.0002786250868812203,0.0004284897877369076
544.0,0.00028915959224104883,0.0003997802850790322
545.0,0.000277189155574888,0.00040252908365800977
546.0,0.00029535059025511144,0.000414762063883245
547.0,0.0002795778414001688,0.00040193196036852896
548.0,0.0002770878525916487,0.0003901215677615255
549.0,0.0002812764763366431,0.0004134726186748594
550.0,0.00027920512505806984,0.000395798560930416
551.0,0.0002833051071502268,0.00039628861122764647
552.0,0.00026737995212897656,0.0003887734783347696
553.0,0.000290574656566605,0.00040351648931391537
554.0,0.00029478419455699625,0.000419966148911044
555.0,0.00027780566457659005,0.0004082008090335876
556.0,0.00027063904982060194,0.00038120735553093255
557.0,0.0002675600463990122,0.00040200690273195505
558.0,0.00028871963848359883,0.0004061521322000772
559.0,0.00028425314486958084,0.0004050113493576646
560.0,0.0002916101606097072,0.0004535113403107971
561.0,0.000303065511630848,0.00043544889194890857
562.0,0.00029379769135266543,0.00038241103175096214
563.0,0.00025896547362208366,0.00038061404484324157
564.0,0.0002743867854587734,0.00041174236685037613
565.0,0.0002889517843723297,0.0004132240719627589
566.0,0.00027526731486432254,0.00040668962174095213
567.0,0.0002665325787384063,0.00039026897866278887
568.0,0.00027934389072470367,0.00042072462383657694
569.0,0.0002912103219423443,0.0004007738025393337
570.0,0.00027850073436275127,0.00038847207906655967
571.0,0.00027468391740694643,0.0003862259618472308
572.0,0.0002645883534569293,0.00043621406075544655
573.0,0.00027624624641612173,0.0003931538085453212
574.0,0.0002834958203602582,0.0003883132594637573
575.0,0.00027867510495707394,0.00043615419417619705
576.0,0.0002747982065193355,0.0003764703869819641
577.0,0.00026344416802749035,0.0003838161355815828
578.0,0.00027369699743576346,0.0003932178660761565
579.0,0.0002631413489580154,0.0003820900456048548
580.0,0.0002817619084380567,0.0004073151503689587
581.0,0.0002893840689212084,0.00043861352605745196
582.0,0.0002840294118504971,0.00040346471359953284
583.0,0.00029268678184598683,0.0005188605864532292
584.0,0.0003014453537762165,0.00042126004700548947
585.0,0.00027326381427701565,0.000370548281352967
586.0,0.0002663694166112691,0.0004048004630021751
587.0,0.0002689498527906835,0.000376580428564921
588.0,0.0002639094797195867,0.0003919434966519475
589.0,0.0002682061430532485,0.0003722771070897579
590.0,0.0002533781807869673,0.0003698280779644847
591.0,0.00025415340601466597,0.00037152686854824424
592.0,0.00026188454660587015,0.0003782686544582248
593.0,0.00026735085085965695,0.00038007760304026306
594.0,0.00028907130379229786,0.0003694108745548874
595.0,0.00026520924735814333,0.0003902054741047323
596.0,0.0002824545316398144,0.0003798205580096692
597.0,0.000265232709236443,0.00039913548971526325
598.0,0.000263606368098408,0.00037143556983210146
599.0,0.0002718729653861374,0.0003660182119347155
600.0,0.00026403967128135265,0.0003926806675735861
601.0,0.0002857223986648023,0.00040916824946179986
602.0,0.00028014441882260146,0.0003777346864808351
603.0,0.00026271385548170656,0.00038649330963380635
604.0,0.00025354918977245686,0.00037572934525087476
605.0,0.00026075586769729855,0.0003703745314851403
606.0,0.00026534799369983377,0.0003990537079516798
607.0,0.00026493940409272906,0.0003729137242771685
608.0,0.00026030952553264796,0.00045247096568346024
609.0,0.0002870875550433993,0.0003899999719578773
610.0,0.0002595781853888184,0.0003863399906549603
611.0,0.0002572183678857982,0.0003965393116232008
612.0,0.000262644222471863,0.0003596582100726664
613.0,0.0002630742094479501,0.00039667528471909463
614.0,0.0002718714780639857,0.00037782476283609867
615.0,0.0002602157474029809,0.0003616836038418114
616.0,0.00026142993359826503,0.00036653410643339157
617.0,0.0002592582170618698,0.00040299652027897537
618.0,0.0002613821440609172,0.00040839475695975125
619.0,0.00025477941357530655,0.00037985507515259087
620.0,0.0002507474455051124,0.0003533305716700852
621.0,0.0002532369375694543,0.00037131313001737
622.0,0.0002500574344303459,0.0003811221686191857
623.0,0.00024956520553678273,0.0003779154212679714
624.0,0.00026439781207591295,0.0003999022883363068
625.0,0.0002644012103555724,0.00036578119033947587
626.0,0.00025832394394092263,0.00039839171222411096
627.0,0.00026525105442851783,0.00039925085729919374
628.0,0.00026668995944783094,0.00040122552309185266
629.0,0.00025188770855311306,0.0003653353196568787
630.0,0.0002483354660216719,0.00037187905400060117
631.0,0.0002546687782742083,0.0003524584462866187
632.0,0.00025817294674925504,0.0003583065699785948
633.0,0.0002491346432361752,0.00035610274062491953
634.0,0.00024484075466170907,0.00036142460885457695
635.0,0.0002496368398424238,0.00037794403033331037
636.0,0.00025928586791269483,0.0003554577415343374
637.0,0.00024539632617961613,0.00035422341898083687
638.0,0.00024559669685550033,0.000356745149474591
639.0,0.00025070968992076814,0.00036334508331492543
640.0,0.0002561570858815685,0.0003642362717073411
641.0,0.000258490244159475,0.00036990028456784785
642.0,0.0002696325748693198,0.00037530765985138714
643.0,0.00025441938871517775,0.00036505318712443113
644.0,0.0002598743997514248,0.00038842434878461063
645.0,0.00026561194728128614,0.0003620744973886758
646.0,0.00026541001233272257,0.0004099099605809897
647.0,0.00027459602989256385,0.0003778746468015015
648.0,0.00025293429684825243,0.000351116934325546
649.0,0.00024136290326714515,0.0004191956832073629
650.0,0.0002664881919045001,0.00040302323759533465
651.0,0.00025619049044325946,0.00035159350954927504
652.0,0.00024930376652628183,0.00037768736365251243
653.0,0.0002553416388109326,0.00038437353214249015
654.0,0.0002659279857762158,0.00037576555041596293
655.0,0.00024325713037978857,0.00035505619598552585
656.0,0.00025106046861037614,0.0003546887310221791
657.0,0.00024850141897331924,0.0003538143646437675
658.0,0.0002679314110428095,0.00039173068944364786
659.0,0.0002556015308946371,0.00035914950422011316
660.0,0.0002496110030915588,0.0003600766067393124
661.0,0.0002479431754909456,0.0003503042389638722
662.0,0.0002466676759067923,0.00034802895970642567
663.0,0.00024127685977146028,0.00035505028790794313
664.0,0.00024103729776106775,0.0003523315244819969
665.0,0.00023903693747706712,0.0003525523643475026
666.0,0.00024242091772612185,0.0003449389769230038
667.0,0.00023769727151375263,0.0003516094293445349
668.0,0.00023348933877423406,0.00035291214589960873
669.0,0.0002444137209095061,0.00038467164267785847
670.0,0.00023990155360661448,0.0003508487425278872
671.0,0.00024112665234133601,0.0003644292301032692
672.0,0.0002511698849266395,0.0003551298868842423
673.0,0.0002535436141770333,0.00039136543637141585
674.0,0.00025921062054112554,0.00034199038054794073
675.0,0.00024124932300765068,0.00038216341636143625
676.0,0.0002452264273306355,0.0003688403230626136
677.0,0.0002466449661878869,0.00034497465821914375
678.0,0.0002535356560256332,0.00037181409425102174
679.0,0.0002658148502232507,0.0003734677447937429
680.0,0.00024856126005761326,0.00035331264371052384
681.0,0.00024348758952692152,0.0003571384004317224
682.0,0.00025417196191847324,0.0003770351759158075
683.0,0.00025392480101436377,0.00037393192178569734
684.0,0.00024930569878779354,0.00039463830762542784
685.0,0.0002596574922790751,0.0003665178082883358
686.0,0.0002418973232852295,0.00038344127824530005
687.0,0.0002605055619496852,0.00035455432953312993
688.0,0.00023740422795526684,0.0003506058710627258
689.0,0.00023693286231718958,0.00035554691567085683
690.0,0.00024216374242678286,0.00034482168848626316
691.0,0.00024368136038538068,0.0003565824590623379
692.0,0.0002377340004313737,0.00035554872010834515
693.0,0.0002368743678089231,0.00034667839645408094
694.0,0.0002376320583280176,0.00034628150751814246
695.0,0.00023155521193984896,0.0003644949465524405
696.0,0.00023567681899294257,0.00034966759267263114
697.0,0.0002604939688462764,0.00034611663431860507
698.0,0.00025371014897245913,0.0004061420331709087
699.0,0.00024919062270782887,0.0003510961832944304
700.0,0.0002312126571778208,0.00034086970845237374
701.0,0.0002335317657561973,0.00033465385786257684
702.0,0.00023079560115002096,0.0003394620434846729
703.0,0.00022791571216657758,0.0003393805236555636
704.0,0.00023263914859853686,0.000333624251652509
705.0,0.00023484570835717022,0.000356494914740324
706.0,0.00024445951788220553,0.00033913165680132806
707.0,0.00022590916417539119,0.0003480623126961291
708.0,0.00023174445307813584,0.00034241919638589025
709.0,0.00023413259570952504,0.00034322202554903924
710.0,0.0002550725149922073,0.00036537504638545215
711.0,0.00025002265931107104,0.00035007187398150563
712.0,0.00024779281066730617,0.00039342400850728154
713.0,0.0002816927817184478,0.00044469552813097835
714.0,0.0002764066094532609,0.0003436172555666417
715.0,0.00024317614221945405,0.00036805952549912035
716.0,0.00023334101552609354,0.0003396444662939757
717.0,0.0002343517392873764,0.0003380764683242887
718.0,0.00023541273409500717,0.0003370836202520877
719.0,0.00023133303341455757,0.00035312448744662106
720.0,0.00024360465852078052,0.0003538392193149775
721.0,0.00023657314339652657,0.000342692481353879
722.0,0.00023844909970648586,0.0003451537049841136
723.0,0.00024275735556147994,0.000360476435162127
724.0,0.00024279240518808364,0.00033425676519982517
725.0,0.00022838545753620565,0.0003301891265437007
726.0,0.00022242747503332794,0.0003346323501318693
727.0,0.00024253066745586694,0.0003729173622559756
728.0,0.00025513380160555244,0.0003626850084401667
729.0,0.00025016650394536554,0.00033767393324524164
730.0,0.0002562980563379824,0.00034605860128067434
731.0,0.00023908653878606856,0.00032987972372211516
732.0,0.00022113757114857437,0.0003527843509800732
733.0,0.00024300971301272512,0.0003482446481939405
734.0,0.00024771094787865875,0.0003755731740966439
735.0,0.0002514173336094245,0.00033052603248506784
736.0,0.00024560837028548123,0.00038161411066539586
737.0,0.00026025925762951374,0.00034855707781389356
738.0,0.00023955216049216686,0.00034716626396402717
739.0,0.0002388338785385713,0.0003457312996033579
740.0,0.000247020325739868,0.0003796496312133968
741.0,0.00024749975244048984,0.00034196130582131445
742.0,0.00024226784962229432,0.0003561970661394298
743.0,0.000244362901779823,0.00032955899951048195
744.0,0.00024297801859211177,0.00036988273495808244
745.0,0.0002419188260100782,0.0003419509157538414
746.0,0.00022044616180937738,0.00033812393667176366
747.0,0.00022974565683398396,0.0003546263324096799
748.0,0.00024996910151094196,0.00036790891317650676
749.0,0.0002370436378987506,0.00034390026121400297
750.0,0.0002329419197048992,0.0003354598593432456
751.0,0.0002289550811983645,0.0003513649571686983
752.0,0.00024250333849340679,0.00033846788574010134
753.0,0.00022858556115534158,0.0003429773496463895
754.0,0.0002262960650259629,0.0003294706984888762
755.0,0.0002244569465983659,0.00032632480724714696
756.0,0.00022068465466145427,0.00033210162655450404
757.0,0.00022991639596875758,0.00033543724566698074
758.0,0.00023078333761077373,0.0003593191795516759
759.0,0.00023237878084182738,0.0003458508290350437
760.0,0.00023967386211734266,0.0003710911551024765
761.0,0.0002316405485616997,0.0003391858481336385
762.0,0.00023464243672788142,0.0003331245679873973
763.0,0.00022128831048030405,0.0003279827069491148
764.0,0.00023025080759543927,0.0003454367397353053
765.0,0.0002452072767773643,0.0003856689727399498
766.0,0.00024909604841377584,0.00032910966547206044
767.0,0.00023824652994517236,0.0003491802199278027
768.0,0.0002393193176249042,0.000346872751833871
769.0,0.00023342075780965387,0.0003213566669728607
770.0,0.0002160277240909636,0.00034736088127829134
771.0,0.00021528000303078443,0.00032476551132276654
772.0,0.0002197074848227203,0.0003276335773989558
773.0,0.00021594516432378442,0.0003240202786400914
774.0,0.00021287900605238973,0.0003310610190965235
775.0,0.00022434460872318594,0.0003404112649150193
776.0,0.00022217537346296012,0.00034862113534472883
777.0,0.00023185229860246182,0.00031520286574959755
778.0,0.00021215656155254691,0.0003244437393732369
779.0,0.00022759609553031624,0.0003799374680966139
780.0,0.00027528715413063765,0.00039770008879713714
781.0,0.0002682629432529211,0.0003661034570541233
782.0,0.0002321672816760838,0.0003325339639559388
783.0,0.00022260223282501103,0.00033521768637001514
784.0,0.0002208721961360425,0.0003348938189446926
785.0,0.00023313554644118994,0.00035214496892876923
786.0,0.00022276892862282694,0.000343036197591573
787.0,0.00022599337296560406,0.0003440692962612957
788.0,0.0002253912193700671,0.0003339538525324315
789.0,0.00022265011037234217,0.0003271695750299841
790.0,0.00021727347176056356,0.0003205146931577474
791.0,0.00020964995631948114,0.0003132151032332331
792.0,0.00021214680618140847,0.0003115170111414045
793.0,0.00021793706994503736,0.00034502625931054354
794.0,0.00022437493631150574,0.00033917545806616545
795.0,0.00022064564866013824,0.0003131318953819573
796.0,0.00021772312850225716,0.00032619055127725005
797.0,0.00022059762408025563,0.0003283530822955072
798.0,0.00022854569531045854,0.0003572438145056367
799.0,0.00022090669081080704,0.0003084202762693167
800.0,0.00022941615048330277,0.0003532923583406955
801.0,0.00021898972650524228,0.00033009660546667874
802.0,0.0002208846191642806,0.00034721175325103104
803.0,0.0002255485786590725,0.00032668901258148253
804.0,0.00022224311158061026,0.000326327804941684
805.0,0.00021413006586953998,0.00032760784961283207
806.0,0.0002228108838899061,0.00033048505429178476
807.0,0.00022118230699561537,0.0003261528618168086
808.0,0.00021290787134785205,0.0003386216994840652
809.0,0.00022012574097607284,0.0003269223670940846
810.0,0.00022419827850535511,0.00033617200097069144
811.0,0.00021908341778907925,0.0003234415198676288
812.0,0.00023344448662828655,0.0003213079762645066
813.0,0.0002264247697312385,0.0003819336707238108
814.0,0.0002364098725374788,0.0003576183516997844
815.0,0.00022412934945896268,0.00033406782313250005
816.0,0.0002247763260966167,0.00034522273926995695
817.0,0.00022302865283563734,0.0003198084014002234
818.0,0.0002219684342853725,0.000343850813806057
819.0,0.00022445854521356524,0.00031457902514375746
820.0,0.00021542193624190986,0.00032877991907298565
821.0,0.00022680004162248225,0.00033267540857195854
822.0,0.00022523314785212277,0.0003701686509884894
823.0,0.00023957230243831874,0.0003330152540002018
824.0,0.00022135486756451428,0.0003148248651996255
825.0,0.0002529748568776995,0.0003684098192024976
826.0,0.0002386175962164998,0.00032496312633156776
827.0,0.00022010192414745688,0.0003468871000222862
828.0,0.00022558435192331671,0.00033327555865980685
829.0,0.0002209284162381664,0.00031836703419685364
830.0,0.00021810692409053446,0.00033929513301700354
831.0,0.00021253045718185604,0.00030902866274118423
832.0,0.00021610258240252733,0.000314476405037567
833.0,0.0002274759034626186,0.0003342441632412374
834.0,0.00023201696015894414,0.0003594176669139415
835.0,0.00023343962687067687,0.00031244260026142
836.0,0.00024981779465451835,0.00036525906762108207
837.0,0.00024177621875423938,0.00037790293572470546
838.0,0.00023623197444248945,0.0003226589469704777
839.0,0.00023206559428945185,0.0003649243444669992
840.0,0.00022662458324339242,0.0003490840317681432
841.0,0.00021196732670068742,0.00031802908051759005
842.0,0.00020648746518418194,0.00031409398070536554
843.0,0.000219127640244551,0.0003252836177125573
844.0,0.00021792741864919664,0.00031632676837034523
845.0,0.00020756168651860207,0.0003219040227122605
846.0,0.0002089425103040412,0.00031481098267249763
847.0,0.00021115880890283734,0.0003075670974794775
848.0,0.0002098613523412496,0.0003242999373469502
849.0,0.00021509670605883002,0.000341250270139426
850.0,0.00022309645439963786,0.00031782567384652793
851.0,0.00020678016101010143,0.0003157376195304096
852.0,0.00021517646650318057,0.0003240453952457756
853.0,0.00022241330181714148,0.0003402359434403479
854.0,0.0002127574774203822,0.0003312434128019959
855.0,0.00021421433403156698,0.0003295261994935572
856.0,0.00021939597476739437,0.00032195550738833845
857.0,0.00020960217714309693,0.00032280466984957457
858.0,0.00020785530714783818,0.00030831675394438207
859.0,0.00021288761380128563,0.00033396080834791064
860.0,0.00021089766419027001,0.0003186682006344199
861.0,0.00020188894600141794,0.00032286514760926366
862.0,0.00020630896498914807,0.0003334569919388741
863.0,0.0002213580054230988,0.00035398619365878403
864.0,0.00020678588247392327,0.00032924642437137663
865.0,0.00020827827858738602,0.0003051251114811748
866.0,0.0002029792678076774,0.00032274509430862963
867.0,0.00020790293032769115,0.0003252953174524009
868.0,0.00021540265914518386,0.0003901225281879306
869.0,0.00023951016319915652,0.0003153622674290091
870.0,0.00020977206085808574,0.0003262275131419301
871.0,0.00021656158776022495,0.00033704168163239956
872.0,0.00021724483079742641,0.00031502742785960436
873.0,0.0002066969322040677,0.0003485787019599229
874.0,0.00021832209709100425,0.000311067356960848
875.0,0.00020354531973134726,0.0003062799805775285
876.0,0.00019940031180158257,0.0003067476791329682
877.0,0.00020651247364003212,0.0003282613179180771
878.0,0.00021022638154681773,0.0003265597624704242
879.0,0.00022138064540922641,0.0003234847099520266
880.0,0.00020850765076465904,0.000332699652062729
881.0,0.00021161788271274417,0.00033250433625653386
882.0,0.00021463420498184858,0.00031846979982219636
883.0,0.0002091518125962466,0.0003207923728041351
884.0,0.0002124902142677456,0.00033622863702476025
885.0,0.00021015800687018783,0.000320040388032794
886.0,0.00021624813927337527,0.0003318633243907243
887.0,0.00020428427553270011,0.0003040629380848259
888.0,0.00019689885166008025,0.0003114873543381691
889.0,0.0002134570818161592,0.00032037822529673576
890.0,0.00021829265693668276,0.00031615421175956726
891.0,0.00019792869174852968,0.00031088595278561115
892.0,0.00019574258755892515,0.0003081518516410142
893.0,0.00020066377217881382,0.0003129959513898939
894.0,0.00020424308115616442,0.0003387337492313236
895.0,0.00021528790902812034,0.0003137160383630544
896.0,0.00020830900699365885,0.0003165347734466195
897.0,0.00020962083444464952,0.00031029575620777905
898.0,0.00020635526336263866,0.0003189913695678115
899.0,0.00021359648217912763,0.00034400608274154365
900.0,0.00021842545340768993,0.00037430349038913846
901.0,0.00021523202967364341,0.00032567710150033236
902.0,0.0002059214113978669,0.0003279494703747332
903.0,0.0002068588106194511,0.0003303963167127222
904.0,0.0002119217081926763,0.0003222722443751991
905.0,0.00020610509067773818,0.0003104058559983969
906.0,0.000203906666720286,0.00030056905234232545
907.0,0.00020064885506872087,0.00030808604788035154
908.0,0.00020402595621999353,0.00029979998362250626
909.0,0.0001932650312082842,0.00031194466282613575
910.0,0.00020881168323103337,0.0003271225723437965
911.0,0.00020236592553555966,0.00029546392033807933
912.0,0.00019625920231919734,0.0003137336752843112
913.0,0.00020816947985440493,0.0003266439598519355
914.0,0.0002046242489013821,0.0003384255396667868
915.0,0.00022191647323779762,0.0003094584681093693
916.0,0.00020161664683837442,0.0003249008150305599
917.0,0.00020822154066991061,0.0003124313661828637
918.0,0.00020930914650671184,0.00035581106203608215
919.0,0.0002165920123225078,0.000323250365909189
920.0,0.00021553046070039273,0.0003067463112529367
921.0,0.0002002441738732159,0.0003072409890592098
922.0,0.00019944712321739644,0.0003260356024838984
923.0,0.00020304719265550376,0.0003390058991499245
924.0,0.00020770169247407466,0.0003147629904560745
925.0,0.00021717859129421414,0.00032724166521802545
926.0,0.00021710309479385615,0.0003313718771096319
927.0,0.00022661419631913305,0.0003179014311172068
928.0,0.00021288579353131353,0.00029642091249115765
929.0,0.00020086397894192488,0.00031823915196582675
930.0,0.00021548547968268394,0.00030604071798734367
931.0,0.00021126895141787826,0.0003196883189957589
932.0,0.0001963725903769955,0.00030635451548732817
933.0,0.00019765822752378881,0.00030441483249887824
934.0,0.00019627195550128818,0.0003176953177899122
935.0,0.00020996756153181197,0.00030881696147844195
936.0,0.00020118580851703882,0.0003172790165990591
937.0,0.00020614580274559558,0.00033658117172308266
938.0,0.00021783584309741856,0.0003385240852367133
939.0,0.00021611211099661887,0.00036590933450497687
940.0,0.00021951848687604069,0.00038364308420568705
941.0,0.00021538554900325834,0.00030907904147170484
942.0,0.00019697408576030285,0.00029917212668806314
943.0,0.00019063989794813096,0.00029612318030558527
944.0,0.00019350761047098785,0.00029139575781300664
945.0,0.00019179742131382227,0.00030947060440666974
946.0,0.0001964792386861518,0.00030473474180325866
947.0,0.00020757419697474687,0.00033658649772405624
948.0,0.00019931409356649965,0.0002999991993419826
949.0,0.00019863789889495819,0.00033144638291560113
950.0,0.00020768105145543814,0.0003246486885473132
951.0,0.000204983803560026,0.0003239411162212491
952.0,0.00020030007301829756,0.0003054821281693876
953.0,0.00021661497640889139,0.0003115855797659606
954.0,0.00021159048308618366,0.00034694120404310524
955.0,0.00021167809073813259,0.0003191647119820118
956.0,0.00020779142621904612,0.00030405109282583
957.0,0.00019907560152933,0.0003456726553849876
958.0,0.0002016714559867978,0.00030089463689364493
959.0,0.00019602777948603034,0.0003101443871855736
960.0,0.00020395664579700678,0.00031224358826875687
961.0,0.00018935538514051585,0.00030612884438596666
962.0,0.00019548432971350848,0.0002963008591905236
963.0,0.00019292515201959758,0.0003207746194675565
964.0,0.00020902204827871174,0.00031171657610684633
965.0,0.00020212536212056874,0.00030258455080911517
966.0,0.00020832226891070606,0.0003229102585464716
967.0,0.00019630555727053435,0.0002988961059600115
968.0,0.000183291973778978,0.00029267751961015165
969.0,0.00019479972019325942,0.00029714705306105316
970.0,0.0001968140574172139,0.000315747776767239
971.0,0.00021151288959663363,0.0003309265593998134
972.0,0.00019929213426075876,0.00030058814445510507
973.0,0.00019494573026895522,0.0003193775482941419
974.0,0.0002006513080559671,0.00031836723792366683
975.0,0.0001855423164088279,0.00030262075597420335
976.0,0.00018549093930050732,0.00028764299349859357
977.0,0.0001843610405921936,0.0002908649039454758
978.0,0.0001866114115109667,0.00030716840410605073
979.0,0.00019199163326993584,0.0002952621434815228
980.0,0.0001894373904215172,0.000310548028210178
981.0,0.0001966415379429236,0.0002980342542286962
982.0,0.00019446388969663532,0.0002856942010112107
983.0,0.00018205125979147853,0.0002890957985073328
984.0,0.00018932172865606845,0.0003067242505494505
985.0,0.0001931650883052498,0.00032287914655171335
986.0,0.00020046279428061097,0.00031595522887073457
987.0,0.00020447373134084045,0.00032005124376155436
988.0,0.0002050910027464852,0.00032866629771888256
989.0,0.0001969728091498837,0.0003124906506855041
990.0,0.00018711293453816324,0.00028984324308112264
991.0,0.00017863002081867308,0.0002820026711560786
992.0,0.00018635435495525598,0.00028907021624036133
993.0,0.0001995982106309384,0.000301507709082216
994.0,0.00019443880207836627,0.0003023984609171748
995.0,0.00019256774103268982,0.00029379341867752373
996.0,0.0001949898983584717,0.0003657006018329412
997.0,0.0002086123867193237,0.00031408891663886607
998.0,0.00020559506700374187,0.00032602553255856037
999.0,0.00019480324012693018,0.0002944240695796907
1000.0,0.00018438669655006378,0.00030686677200719714
1001.0,0.0001875011776573956,0.00029760709730908275
1002.0,0.00018641253828536718,0.0002930680348072201
1003.0,0.0001867112641921267,0.00031114096054807305
1004.0,0.0001910524721024558,0.0003480059385765344
1005.0,0.00021205963019747286,0.0003115709114354104
1006.0,0.00021899399161338806,0.0003398794215172529
1007.0,0.00020551637117750943,0.00033279939088970423
1008.0,0.0001951370059978217,0.0003079686139244586
1009.0,0.000203028321149759,0.00031277257949113846
1010.0,0.00020090524689294397,0.0003146013186778873
1011.0,0.0002022601063363254,0.0002903623681049794
1012.0,0.0001866896707797423,0.000301510066492483
1013.0,0.00019936701736878603,0.0003502035397104919
1014.0,0.0001995185911655426,0.0002881280961446464
1015.0,0.0001879098517820239,0.00029660938889719546
1016.0,0.00021000005607493222,0.0003233365423511714
1017.0,0.00020263994741253556,0.0003083377378061414
1018.0,0.00019736139324959368,0.00029039994115009904
1019.0,0.00018689393345266582,0.0002918626123573631
1020.0,0.00018399324174970389,0.00031155714532360435
1021.0,0.0001878191971918568,0.000305983645375818
1022.0,0.00018770345242228358,0.00029746608925051987
1023.0,0.0001866181509103626,0.0002882257103919983
1024.0,0.0001924828280461952,0.00031106657115742564
1025.0,0.00021498948521912097,0.0003051143139600754
1026.0,0.0001994521034648642,0.00030779081862419844
1027.0,0.00020200503570958972,0.0003109396784566343
1028.0,0.00018976459640543907,0.0003102865885011852
1029.0,0.0001911053025396541,0.00029940748936496675
1030.0,0.00018589622736908494,0.0003030092630069703
1031.0,0.00018953200988471508,0.00030234927544370294
1032.0,0.00019092671805992723,0.0003056187415495515
1033.0,0.00018041457806248218,0.00028617618954740465
1034.0,0.00017999958957079797,0.00029185626772232354
1035.0,0.00018870534561574458,0.00029385153902694583
1036.0,0.00018570378387812526,0.0002934160875156522
1037.0,0.000179333510925062,0.0002971862559206784
1038.0,0.00018552546040154994,0.00031640499946661294
1039.0,0.00018242429499514402,0.00029847040423192084
1040.0,0.00018397756514605134,0.0002996014372911304
1041.0,0.00018375815358012915,0.000295095844194293
1042.0,0.00018761267396621406,0.0002952474169433117
1043.0,0.00017647178529296072,0.00029180923593230546
1044.0,0.0001843488587765023,0.0002855466154869646
1045.0,0.00018159799871500583,0.0002940341364592314
1046.0,0.00018975789553951473,0.0003028351056855172
1047.0,0.00018975950567983092,0.0002829776785802096
1048.0,0.0002059587836265564,0.0003443254972808063
1049.0,0.0002118964206892997,0.00031040748581290245
1050.0,0.00020954347588121892,0.0002946212771348655
1051.0,0.00019217397912871093,0.0003121962654404342
1052.0,0.00018634735932573676,0.00030489423079416156
1053.0,0.0001850314203184098,0.000307050853734836
1054.0,0.00017847631452605128,0.0003108639211859554
1055.0,0.00018580489745363593,0.00030209068791009486
1056.0,0.00018343531258869917,0.00028972182190045714
1057.0,0.00018400989472866058,0.0002872998302336782
1058.0,0.0001920425434364006,0.0002965776075143367
1059.0,0.00019924604101106524,0.0003400164714548737
1060.0,0.00019791027542669326,0.0002913998905569315
1061.0,0.00017707070312462746,0.0002926848246715963
1062.0,0.00017979488207492977,0.00030460921698249876
1063.0,0.0001847889358177781,0.00027843480347655714
1064.0,0.00017272975819651037,0.0002857879444491118
1065.0,0.0001857018609298393,0.0002825661504175514
1066.0,0.00019280758092645557,0.0003047531936317682
1067.0,0.00019642746914178133,0.000291359523544088
1068.0,0.000197578034712933,0.00031226989813148975
1069.0,0.00020836827682796865,0.00031601422233507037
1070.0,0.00018205258692614734,0.00030217604944482446
1071.0,0.00017817165446467698,0.0002971512731164694
1072.0,0.0001762971500866115,0.0002853794430848211
1073.0,0.00018910719873383643,0.00030244752997532487
1074.0,0.00019324753375258297,0.0003090719401370734
1075.0,0.0001888366264756769,0.00028726572054438293
1076.0,0.0001794569718185812,0.00028316554380580783
1077.0,0.00018518062902148812,0.0003050850937142968
1078.0,0.00019006293010897935,0.00029191747307777405
1079.0,0.00020118753821589053,0.00032008488778956234
1080.0,0.00019534647674299778,0.0002867469156626612
1081.0,0.00017858642805367709,0.0002843201218638569
1082.0,0.00018412049068138004,0.00028035714058205485
1083.0,0.00017985010636039077,0.00027749926084652543
1084.0,0.00018034173839259892,0.00028821395244449377
1085.0,0.0001796363170724362,0.0002939962432719767
1086.0,0.00021120174508541822,0.00030592046095989645
1087.0,0.00019307519390713424,0.0003114976570941508
1088.0,0.0001788571821525693,0.00030127621721476316
1089.0,0.00018048845790326595,0.0002764916280284524
1090.0,0.00017361981223803014,0.0002778969064820558
1091.0,0.00016912540851626544,0.00028059675241820514
1092.0,0.00017359809577465057,0.0003055705165024847
1093.0,0.00018476107635069638,0.00032056085183285177
1094.0,0.0001969134722603485,0.0003230725124012679
1095.0,0.00019821186922490598,0.0003155145386699587
1096.0,0.00018520773737691344,0.0003044575569219887
1097.0,0.00018027120118495077,0.0003034881083294749
1098.0,0.00017175547184888274,0.0002838284126482904
1099.0,0.0001758056147955358,0.00029469392029568553
1100.0,0.00018072930234484374,0.0002888138988055289
1101.0,0.00018712443381082268,0.00030507700284942985
1102.0,0.00019009671185631305,0.0003008076164405793
1103.0,0.00019269739871378988,0.0002939279074780643
1104.0,0.00018896735121961682,0.0003014988324139267
1105.0,0.00017848798690829425,0.0003034975961782038
1106.0,0.00019167893880512566,0.00029593423823826015
1107.0,0.0002145803510211408,0.00032723546610213816
1108.0,0.0001873306898633018,0.00028192467289045453
1109.0,0.0001874168018111959,0.0002819162327796221
1110.0,0.00017975679563824088,0.0002748364640865475
1111.0,0.00021124642342329025,0.000345295004080981
1112.0,0.00021415702195372432,0.0002870559401344508
1113.0,0.00017144523793831466,0.00029553609783761203
1114.0,0.0001795068911742419,0.0002770504215732217
1115.0,0.00017491450835950672,0.00029554893262684345
1116.0,0.0001757191630313173,0.00026885344414040446
1117.0,0.00019072416669223459,0.0003099851019214839
1118.0,0.00018540775612927972,0.0002817193453665823
1119.0,0.00018095421826001256,0.0002917562669608742
1120.0,0.00018062427500262858,0.0002927047898992896
1121.0,0.00018920400040224193,0.0002718802134040743
1122.0,0.00017094755917787551,0.0002813441096805036
1123.0,0.00017330600542481988,0.0002916260564234108
1124.0,0.00017672976723406465,0.00029330127290450037
1125.0,0.0001704025201033801,0.00027298633358441293
1126.0,0.00016963380936067552,0.00028241259860806167
1127.0,0.00017937717621680348,0.0002940012200269848
1128.0,0.00017070196906570346,0.0002751883876044303
1129.0,0.00017131841753143816,0.00027172663249075413
1130.0,0.0001758566638454795,0.0002959200646728277
1131.0,0.0001981397366616875,0.0002796061453409493
1132.0,0.00018532301974482835,0.0002967549371533096
1133.0,0.00017774096492212266,0.00027344244881533086
1134.0,0.00016497413942124695,0.0002935510710813105
1135.0,0.00017173101659864187,0.00031157417106442153
1136.0,0.00018234648869838567,0.0003457183192949742
1137.0,0.0001893014181405306,0.00026614079251885414
1138.0,0.0001744880008045584,0.0002822127135004848
1139.0,0.00017298222635872662,0.0002727866522036493
1140.0,0.00016943583998363466,0.00028104340890422463
1141.0,0.0001707844145130366,0.0002765498647931963
1142.0,0.00018119004473555832,0.00027439100085757673
1143.0,0.00017064136394765228,0.0002807453856803477
1144.0,0.0001794809822458774,0.00033000786788761616
1145.0,0.00018799432425294072,0.00027572826365940273
1146.0,0.00017460871697403492,0.0002811528684105724
1147.0,0.00018183471041265876,0.00028802597080357373
1148.0,0.00019227398093789815,0.00030235719168558717
1149.0,0.00017812814901117235,0.0002789572754409164
1150.0,0.00016758794675115495,0.000274842866929248
1151.0,0.00017888041830156,0.00027240748750045896
1152.0,0.0001792764897691086,0.00030170188983902335
1153.0,0.00017868403310421853,0.0002922771091107279
1154.0,0.00020133095618803055,0.00031142402440309525
1155.0,0.00019817656825762243,0.00029685781919397414
1156.0,0.00017771240381989629,0.000283034925814718
1157.0,0.00017088268219958992,0.0002770904393400997
1158.0,0.00016252824035473167,0.00028306414606049657
1159.0,0.000170519360457547,0.0002863953704945743
1160.0,0.00017101914808154107,0.00028065236983820796
1161.0,0.0001823806252796203,0.0003037776914425194
1162.0,0.0001840985156595707,0.00028942228527739644
1163.0,0.00017259758652653546,0.0002796183689497411
1164.0,0.00018495006277225912,0.00030182296177372336
1165.0,0.00018123863183427602,0.00030923914164304733
1166.0,0.00018278444011230022,0.00028081395430490375
1167.0,0.0001718685575760901,0.0002850766177289188
1168.0,0.00016345927747897805,0.0002757510810624808
1169.0,0.0001680060455109924,0.0002725891536101699
1170.0,0.00017454108234960585,0.00027931673685088754
1171.0,0.00019102727726567537,0.0002688832755666226
1172.0,0.00017426453228108584,0.00027665781090036035
1173.0,0.00017565366788767277,0.0002671351539902389
1174.0,0.00017082034738268704,0.0002786133554764092
1175.0,0.00017991807509679347,0.00030991967651061714
1176.0,0.00019496650050859898,0.00028449445380829275
1177.0,0.0001896871952340007,0.00027286983095109463
1178.0,0.00018376863980665802,0.0002934743242803961
1179.0,0.00018631529808044433,0.00028339234995655715
1180.0,0.00018363747012335808,0.00027666916139423847
1181.0,0.0001690731350099668,0.0002745402161963284
1182.0,0.00017436840094160288,0.0002765998069662601
1183.0,0.00016464436694514008,0.00028348364867269993
1184.0,0.00016372295061592012,0.00028064014622941613
1185.0,0.00016474025172647088,0.0002906668814830482
1186.0,0.00017190361756365746,0.0002909964241553098
1187.0,0.00017359863757155836,0.00027837842935696244
1188.0,0.00017167633166536688,0.0002842673275154084
1189.0,0.0001706676462199539,0.00028920843033120036
1190.0,0.00017388923733960838,0.00027112834504805505
1191.0,0.00016762879106681794,0.00027531266096048057
1192.0,0.00018125019548460841,0.00030044346931390464
1193.0,0.00018433784286025912,0.0002873280900530517
1194.0,0.00017136758484411984,0.00029660703148692846
1195.0,0.00016837564564775676,0.00028588948771357536
1196.0,0.00016557747474871577,0.0002717903407756239
1197.0,0.0001763447979465127,0.00029046827694401145
1198.0,0.00017582223296631127,0.0002774418389890343
1199.0,0.0001788858543150127,0.0002915119403041899
1200.0,0.0001797318389872089,0.0002918188401963562
1201.0,0.00019739886582829057,0.00028753926744684577
1202.0,0.00017192667012568564,0.0002785271790344268
1203.0,0.00016418507508933545,0.0002759350463747978
1204.0,0.00016245181520935147,0.00026447768323123455
1205.0,0.00016318390343803913,0.00026999780675396323
1206.0,0.00016589471721090377,0.00028104850207455456
1207.0,0.0001687642444157973,0.00029526397702284157
1208.0,0.0001880435469793156,0.0003039939037989825
1209.0,0.00017226502741687,0.00027718895580619574
1210.0,0.00016671960300300272,0.000264312227955088
1211.0,0.00016316956095397471,0.0002865190617740154
1212.0,0.00017190605611540376,0.0003050956584047526
1213.0,0.0001798268835991621,0.0002846105198841542
1214.0,0.00016806547401938587,0.00028041546465829015
1215.0,0.00017176735936664045,0.0002808839490171522
1216.0,0.00018057766393758356,0.0002827785792760551
1217.0,0.00017620616359636187,0.00027006215532310307
1218.0,0.0001671739089069888,0.0002764214004855603
1219.0,0.00016674287826754154,0.00027119129663333297
1220.0,0.00016462154185865074,0.0002840934903360903
1221.0,0.00016167705331463368,0.0002663410559762269
1222.0,0.0001623611623654142,0.0002832119062077254
1223.0,0.0001690960412379354,0.00031367820338346064
1224.0,0.00018063388427253812,0.00027279381174594164
1225.0,0.00017957879940513522,0.00030733729363419116
1226.0,0.00019029308366589248,0.00029601456481032073
1227.0,0.00018062023201491684,0.00028326173196546733
1228.0,0.00016305923438631,0.0002837821957655251
1229.0,0.00017465085256844758,0.0003039546136278659
1230.0,0.0001718825838761404,0.0002776010660454631
1231.0,0.0001639375719241798,0.0002968697517644614
1232.0,0.0001653546968009323,0.00026178391999565065
1233.0,0.0001634858186589554,0.0002699068863876164
1234.0,0.00015931530925445257,0.00027013657381758094
1235.0,0.0001635195752605796,0.00027207363746128976
1236.0,0.00017020535818301142,0.00026225828332826495
1237.0,0.00017167208611499517,0.0003046306374017149
1238.0,0.000176794424187392,0.0003034134570043534
1239.0,0.00017838110798038543,0.000268107425654307
1240.0,0.00017202694597654044,0.000265615526586771
1241.0,0.00016828346403781325,0.0002644775086082518
1242.0,0.00015953796869143844,0.0002684409264475107
1243.0,0.00017320094828028232,0.00027115384000353515
1244.0,0.0001685358420945704,0.0002758216578513384
1245.0,0.00016620470071211456,0.0002615595003589988
1246.0,0.0001649715647799894,0.0002684938663151115
1247.0,0.00016099686187226326,0.00026379775954410434
1248.0,0.0001603236263617873,0.0002619501028675586
1249.0,0.0001566313587827608,0.0002543802256695926
1250.0,0.00015713279857300223,0.00027724404935725033
1251.0,0.00016398854670114814,0.0002724239893723279
1252.0,0.00016174837050493806,0.0002653435221873224
1253.0,0.00015801918995566667,0.0002653186093084514
1254.0,0.0001730482951970771,0.00026281789178028703
1255.0,0.00016305030265357346,0.0002661636099219322
1256.0,0.00016308379708789288,0.0002849263546522707
1257.0,0.00016584971803240478,0.00027433899231255054
1258.0,0.0001662943703122437,0.0002622837491799146
1259.0,0.00016527286032214761,0.00029438696219585836
1260.0,0.0001690361377550289,0.0002812149759847671
1261.0,0.00017829271464142948,0.0002582712040748447
1262.0,0.00016369969176594168,0.0002589993237052113
1263.0,0.00016397985606454312,0.0002665001666173339
1264.0,0.00017021153564564885,0.00026400716160424054
1265.0,0.00016046850569546224,0.00026076819631271064
1266.0,0.00015483012644108385,0.0002738911716733128
1267.0,0.00016909413679968565,0.00029109837487339973
1268.0,0.00017069139145314694,0.00026886718114838004
1269.0,0.00016217180388048292,0.00028730995836667717
1270.0,0.00016244196495972574,0.00025979257770814
1271.0,0.0001609513759613037,0.00030780155793763697
1272.0,0.0001699741561897099,0.00026765838265419006
1273.0,0.00015859296859707683,0.0002762777148745954
1274.0,0.00016698960668873043,0.0002841078967321664
1275.0,0.0001723717728164047,0.0002776063629426062
1276.0,0.00018662473512813448,0.0002815257175825536
1277.0,0.00016924503596965225,0.00026172955404035747
1278.0,0.00015361271577421577,0.0002613372344058007
1279.0,0.00015910353616345674,0.0002613810356706381
1280.0,0.00015802004339639098,0.0002599814906716347
1281.0,0.00016001688106916844,0.0002689698594622314
1282.0,0.00015762713481672107,0.0002568186610005796
1283.0,0.00015426380443386733,0.0002735653833951801
1284.0,0.00016392223932780326,0.0002686350198928267
1285.0,0.00016364387737121433,0.0002739578194450587
1286.0,0.00017131774045992643,0.0002859848318621516
1287.0,0.00016272729414049537,0.00029468961292877793
1288.0,0.00017576782137621193,0.0002846346178557724
1289.0,0.0001710259614046663,0.0002845867129508406
1290.0,0.0001835286730201915,0.0002781276125460863
1291.0,0.00017326324107125402,0.0002776689943857491
1292.0,0.00017531889246311038,0.0002668001689016819
1293.0,0.0001812696879496798,0.0003323200508020818
1294.0,0.0001852006275439635,0.0002712637069635093
1295.0,0.0001730788160348311,0.0002742640790529549
1296.0,0.00017851083923596888,0.0002732337743509561
1297.0,0.00016332328552380205,0.00026633404195308685
1298.0,0.00016560190438758582,0.00027372463955543935
1299.0,0.00016065834916662424,0.00027361491811461747
1300.0,0.00015783533290959895,0.000266257586190477
1301.0,0.00016031005629338325,0.0002737851464189589
1302.0,0.00017034039285499604,0.0003058892616536468
1303.0,0.0001735566705465317,0.0002647514920681715
1304.0,0.00016054713074117898,0.0002522324211895466
1305.0,0.0001612971588037908,0.00027443456929177046
1306.0,0.00015829763934016228,0.00027955081895925105
1307.0,0.00017616577248554677,0.00027762737590819597
1308.0,0.00015960444451775403,0.00029088821611367166
1309.0,0.00016874532285146416,0.0002575468097347766
1310.0,0.00015573504951316863,0.0002733175933826715
1311.0,0.00016030075680464507,0.0002660558675415814
1312.0,0.00015642213670071214,0.0002748963888734579
1313.0,0.00016262951714452357,0.0002944182779174298
1314.0,0.00016868209466338157,0.00026164003065787256
1315.0,0.00015992619283497334,0.00026733934646472335
1316.0,0.0001598619028227404,0.00028110964922234416
1317.0,0.00016049564117565752,0.0003058087022509426
1318.0,0.00017745048133656382,0.00030316427000798285
1319.0,0.00018247110350057483,0.00027734413743019104
1320.0,0.00018097710004076362,0.0002626241184771061
1321.0,0.0001739380731014535,0.0002635528508108109
1322.0,0.00015308769152034074,0.0002572069060988724
1323.0,0.00016674520866945386,0.0003053218242712319
1324.0,0.0001838892720406875,0.0002719274489209056
1325.0,0.00017394617642275988,0.0002660266181919724
1326.0,0.00016290892439428716,0.0002567869669292122
1327.0,0.00016594586917199195,0.00029862692463211715
1328.0,0.00015942154440563172,0.00025540150818414986
1329.0,0.00016268592607229947,0.0002633417025208473
1330.0,0.00015415459091309457,0.0002565686882007867
1331.0,0.0001457810392603278,0.000256731960689649
1332.0,0.0001507957084104419,0.0002584228932391852
1333.0,0.000148906588437967,0.00024784146808087826
1334.0,0.00014814927137922495,0.0002513430663384497
1335.0,0.0001550311935134232,0.00025442324113100767
1336.0,0.000172542434069328,0.00028832489624619484
1337.0,0.00017332959768828003,0.0002772705629467964
1338.0,0.0001693650878733024,0.0002651472168508917
1339.0,0.00014960916386917234,0.00027478119591251016
1340.0,0.00015972330782096833,0.00029285813798196614
1341.0,0.00016529590438585728,0.00027410747134126723
1342.0,0.00015332696377299727,0.00027152549591846764
1343.0,0.00015636000689119101,0.00026517355581745505
1344.0,0.00015469940728507936,0.0002706941158976406
1345.0,0.00016123235155828298,0.00026298753800801933
1346.0,0.00015244134329259396,0.0002480921393726021
1347.0,0.0001617614608258009,0.00026497759972698987
1348.0,0.00016122203762643038,0.0002708712709136307
1349.0,0.00016564610321074725,0.00027064280584454536
1350.0,0.00016020541684702038,0.0002514480147510767
1351.0,0.00016050546593032776,0.00025039815227501094
1352.0,0.0001546111658681184,0.0002618347352836281
1353.0,0.0001591817329172045,0.0002600553852971643
1354.0,0.00015499740047380327,0.00026052334578707814
1355.0,0.00015492454974446447,0.0002963381411973387
1356.0,0.00017561374430079014,0.000269463867880404
1357.0,0.00015648795408196748,0.00026484671980142593
1358.0,0.00015447437786497175,0.00026892844471149147
1359.0,0.00015473560383543372,0.0002820474037434906
1360.0,0.00016760384768713265,0.0002662332553882152
1361.0,0.0001631793677806854,0.00026671879459172487
1362.0,0.00016455548140220343,0.0002805860131047666
1363.0,0.00017657191073521973,0.0002967641339637339
1364.0,0.00017451590939890593,0.0002836871426552534
1365.0,0.00015616155171301215,0.0002770946593955159
1366.0,0.00016102221619803458,0.0002609776856843382
1367.0,0.00015670606051571668,0.00025063130306079984
1368.0,0.0001596524512860924,0.00026452314341440797
1369.0,0.00015057425771374254,0.0002573725942056626
1370.0,0.0001531358021311462,0.00025932551943697035
1371.0,0.00015303303895052522,0.00026661911397241056
1372.0,0.00016516579361632467,0.00024656482855789363
1373.0,0.0001500313316937536,0.0002601641172077507
1374.0,0.00016505106317345054,0.0002585673937574029
1375.0,0.0001729770014062524,0.00026782750501297414
1376.0,0.00015542613854631782,0.0002564278256613761
1377.0,0.00015300276095513255,0.00025812111562117934
1378.0,0.00015794525470118968,0.00025756005197763443
1379.0,0.0001653884764527902,0.00028771310462616384
1380.0,0.00016706475266255438,0.0002519527042750269
1381.0,0.0001572624233085662,0.0002598105638753623
1382.0,0.00015518075064755975,0.00027695324388332665
1383.0,0.0001555550773628056,0.0002578710555098951
1384.0,0.00015695214027073234,0.0002840376109816134
1385.0,0.00015826531476341189,0.0002710302360355854
1386.0,0.00015754717879462986,0.00025064777582883835
1387.0,0.0001626894819783047,0.00027096655685454607
1388.0,0.00015751372824888675,0.0002736134047154337
1389.0,0.00016558547760359943,0.0002446545986458659
1390.0,0.00015234890556894244,0.00026537233497947454
1391.0,0.00016207705391570925,0.00025891128461807966
1392.0,0.0001602004604646936,0.0002847225696314126
1393.0,0.0001601406530244276,0.00026985080330632627
1394.0,0.0001695900602499023,0.00026864130632020533
1395.0,0.00015161197120323777,0.0002517137327231467
1396.0,0.000150308636482805,0.0002557284606155008
1397.0,0.00015793323144316674,0.0002533104852773249
1398.0,0.00015878540044650434,0.00026039182557724416
1399.0,0.00017159149760846048,0.00025117985205724835
1400.0,0.00016279962088447064,0.00025794972316361964
1401.0,0.00015471498644910753,0.0002601879823487252
1402.0,0.00016214952047448604,0.00027214729925617576
1403.0,0.00015708385012112557,0.0002580430591478944
1404.0,0.00015759408054873348,0.0002801551017910242
1405.0,0.00016581194708123803,0.0002516802924219519
1406.0,0.00015729718224611133,0.0002676051517482847
1407.0,0.00015309586061630398,0.0002563666785135865
1408.0,0.00015231708926148713,0.00025389983784407377
1409.0,0.000151767366216518,0.000264742731815204
1410.0,0.00015274686773773281,0.00024836132070049644
1411.0,0.00014072225335985423,0.0002629089867696166
1412.0,0.00014606234442908318,0.000247429619776085
1413.0,0.00015297424129676073,0.0002650720707606524
1414.0,0.00014542243594769388,0.00024250088608823717
1415.0,0.0001473117450950667,0.0002534434315748513
1416.0,0.00015040226944256573,0.0002734305162448436
1417.0,0.0001617006704909727,0.00027813989436253905
1418.0,0.0001675119053106755,0.00025232008192688227
1419.0,0.00014469256193842738,0.00026190862990915775
1420.0,0.0001570170110790059,0.00028168107382953167
1421.0,0.00016759024071507156,0.00028888072120025754
1422.0,0.00017363526055123657,0.0002522593713365495
1423.0,0.00015166766161564738,0.0002635836135596037
1424.0,0.00015623032115399837,0.00024950335500761867
1425.0,0.0001534949030028656,0.0002572567027527839
1426.0,0.00016089798684697598,0.000273094919975847
1427.0,0.00016850200481712818,0.000257315143244341
1428.0,0.00014611534273717552,0.0002561489527579397
1429.0,0.00014462412137072534,0.000270340358838439
1430.0,0.00015744724962860344,0.00026570100453682244
1431.0,0.00016501143493223935,0.0002685708459466696
1432.0,0.00016552838764619083,0.0002523021830711514
1433.0,0.0001513576622819528,0.00025005056522786617
1434.0,0.00014647030096966773,0.0002527908072806895
1435.0,0.00015836581494659186,0.00026759004686027765
1436.0,0.00015241567592602222,0.0002725877275224775
1437.0,0.0001513951502274722,0.00024342660617548972
1438.0,0.00014388855115976185,0.00026922067627310753
1439.0,0.0001456845689099282,0.00025728705804795027
1440.0,0.00016260783036705108,0.00026342965429648757
1441.0,0.00016082426940556616,0.00024893193040043116
1442.0,0.00016061488213017582,0.0002565819304436445
1443.0,0.0001576328690862283,0.000306577974697575
1444.0,0.00018285405286587775,0.0002704590151552111
1445.0,0.00015905784198548645,0.0002699754841160029
1446.0,0.0001590617431793362,0.00025871855905279517
1447.0,0.00015091057890094818,0.000247911928454414
1448.0,0.00015173446875996888,0.00027991380193270743
1449.0,0.00018804159655701368,0.0003038770519196987
1450.0,0.00016200684825889766,0.0002629969094414264
1451.0,0.00015955363877583295,0.00025896806619130075
1452.0,0.00015116610773839055,0.00024968970683403313
1453.0,0.0001459863424533978,0.0002500344126019627
1454.0,0.0001440640705404803,0.0002496493689250201
1455.0,0.00014964424015488477,0.00026936555514112115
1456.0,0.00015467615344095975,0.0002866802387870848
1457.0,0.0001630185404792428,0.0002559837594162673
1458.0,0.00015498529456090183,0.0002469985338393599
1459.0,0.0001450560559751466,0.0002572747180238366
1460.0,0.00015405731345526875,0.0002630986855365336
1461.0,0.00015229761798400432,0.00026509989402256906
1462.0,0.0001532580286730081,0.00028111686697229743
1463.0,0.00014862217335030435,0.00026082037948071957
1464.0,0.00014650100038852542,0.0002601300657261163
1465.0,0.00016753690654877572,0.0002777893387246877
1466.0,0.00015248969348613173,0.00026621646247804165
1467.0,0.0001752971885725856,0.00025613378966227174
1468.0,0.0001615062055643648,0.00029807063401676714
1469.0,0.00016151101724244654,0.0002621021994855255
1470.0,0.00014980251796077937,0.0002530156634747982
1471.0,0.00014881787763442844,0.0002465485013090074
1472.0,0.00015137158811558038,0.00024502529413439333
1473.0,0.00015258513495791702,0.00025924353394657373
1474.0,0.00015404319809749723,0.0002617614227347076
1475.0,0.00015912616613786667,0.00025763994199223816
1476.0,0.00015198045247234404,0.0002523717994336039
1477.0,0.00016082829516381026,0.0002839726803358644
1478.0,0.0001645734669873491,0.0002662334300111979
1479.0,0.00015961477835662664,0.000262991467025131
1480.0,0.00014941372454632074,0.00026294670533388853
1481.0,0.00016587623616214843,0.0002675091673154384
1482.0,0.00015590442658867688,0.00024626392405480146
1483.0,0.00014782253978773953,0.00025584077229723334
1484.0,0.00014757266105152667,0.0002756454050540924
1485.0,0.00015306408691685648,0.0002449236053507775
1486.0,0.00014767682761885226,0.0002635038981679827
1487.0,0.00015779766300693155,0.00025904635549522936
1488.0,0.00015491518203634768,0.0002493335341569036
1489.0,0.0001548554414184764,0.00026837040786631405
1490.0,0.00014765681314747782,0.00024541039601899683
1491.0,0.00014836618769913912,0.00026664219330996275
1492.0,0.00014752708876039834,0.000241639485466294
1493.0,0.0001437405152246356,0.00024685909738764167
1494.0,0.00014364498085342348,0.0002440480311634019
1495.0,0.0001491971730720252,0.00026206477195955813
1496.0,0.00015241278009489178,0.00028663664124906063
1497.0,0.0001648984714411199,0.0002525457239244133
1498.0,0.00014697989856358619,0.0002557372208684683
1499.0,0.00016431317164096983,0.0002764200035016984
1500.0,0.00015412447985727339,0.00025184309924952686
1501.0,0.00015917182911653072,0.0002496157248970121
1502.0,0.00014479198295157402,0.00024808335001580417
1503.0,0.0001402879444649443,0.0002600960433483124
1504.0,0.00015017302113119513,0.0002739917836152017
1505.0,0.00015631971892435105,0.0002541851135902107
1506.0,0.0001414552371716127,0.00024227902758866549
1507.0,0.0001455661468207836,0.0002651708200573921
1508.0,0.00014238952903542667,0.00024016042880248278
1509.0,0.0001420221719890833,0.0002560224384069443
1510.0,0.00015227152581792324,0.00024731099256314337
1511.0,0.00014956164581235497,0.00024984515039250255
1512.0,0.00014691346453037113,0.00026010372675955296
1513.0,0.00015726912685204298,0.0002591197262518108
1514.0,0.0001579665788449347,0.0002809002180583775
1515.0,0.0001572930314578116,0.0002627858775667846
1516.0,0.00015168147732038051,0.0002530895289964974
1517.0,0.00014757748635020108,0.00023989702458493412
1518.0,0.00014609369868412615,0.00024638278409838676
1519.0,0.0001423081282991916,0.00024404283612966537
1520.0,0.0001438232446089387,0.00027938128914684057
1521.0,0.00015334137121681123,0.0002493224455974996
1522.0,0.00014727558114100247,0.00025110505521297455
1523.0,0.00014114758814685047,0.0002458377566654235
1524.0,0.00014625712123233825,0.0002524821902625263
1525.0,0.0001477370682405308,0.00027138134464621544
1526.0,0.00014902645372785628,0.0002552783698774874
1527.0,0.00013900127878878265,0.00024319208750966936
1528.0,0.00014379854418803005,0.00025231222389265895
1529.0,0.00014939712570048868,0.0002686608931981027
1530.0,0.0001581501942127943,0.00024363015836570412
1531.0,0.00016138043638784437,0.00026558380341157317
1532.0,0.00017226177465636284,0.0002582937013357878
1533.0,0.0001577168027870357,0.0002619524602778256
1534.0,0.0001466733261477202,0.00024156268045771867
1535.0,0.00014387704012915493,0.0002549820055719465
1536.0,0.0001450070203281939,0.00025594557519070804
1537.0,0.00015684677974786608,0.0002609480870887637
1538.0,0.00016194029082544149,0.0002566452312748879
1539.0,0.00015616123424842953,0.0002514882362447679
1540.0,0.00015323625161545352,0.0002542700385674834
1541.0,0.00015302974625956266,0.0002692706184461713
1542.0,0.0001566302716964856,0.00025457117590121925
1543.0,0.00014840991795063018,0.00023909368610475212
1544.0,0.00013986233924515544,0.00024865471641533077
1545.0,0.00013901693641673774,0.0002478107053320855
1546.0,0.00013949022139422596,0.0002474788052495569
1547.0,0.00014309395314194263,0.00024349326849915087
1548.0,0.00014366532291751354,0.00023909297306090593
1549.0,0.00014398007257841527,0.00025493933935649693
1550.0,0.00014153751148842275,0.00023459650401491672
1551.0,0.00014370359084568918,0.00023394252639263868
1552.0,0.0001411640701116994,0.00023976342345122248
1553.0,0.00014715132513083517,0.0002414177724858746
1554.0,0.0001424282791558653,0.0002556584950070828
1555.0,0.00014260674582328647,0.0002370939910179004
1556.0,0.00014262439182493835,0.0002452778280712664
1557.0,0.00015348022687248887,0.00025668757734820247
1558.0,0.0001480387671617791,0.00023712858092039824
1559.0,0.00014059958048164844,0.00025903963251039386
1560.0,0.0001453951569274068,0.00024511374067515135
1561.0,0.0001504471623338759,0.0002758124319370836
1562.0,0.0001502687216270715,0.00024620466865599155
1563.0,0.0001443672542227432,0.00025579583598300815
1564.0,0.00015370298619382083,0.000271863944362849
1565.0,0.0001507868696935475,0.00024612140259705484
1566.0,0.00014377519534900784,0.00025705224834382534
1567.0,0.0001650858948705718,0.00028174809995107353
1568.0,0.00016530848329421132,0.0002538586559239775
1569.0,0.00015175086457747965,0.00027534671244211495
1570.0,0.00015439844829961657,0.000238492400967516
1571.0,0.00013846126757562161,0.0002491147897671908
1572.0,0.0001386159738758579,0.0002370097499806434
1573.0,0.0001383763182675466,0.00025379876024089754
1574.0,0.0001371302038896829,0.00024397356901317835
1575.0,0.00014080132322851567,0.0002369163848925382
1576.0,0.00014601014484651387,0.00024226900131907314
1577.0,0.0001413805598858744,0.00025136725162155926
1578.0,0.0001463258556323126,0.0002571750374045223
1579.0,0.00014339073176961392,0.00024033832596614957
1580.0,0.00014209124678745867,0.00025388109497725964
1581.0,0.0001476332237944007,0.00023214098473545164
1582.0,0.00014263363392092286,0.00025827271747402847
1583.0,0.00014924429380334915,0.0002629754599183798
1584.0,0.00015699189889710396,0.0002486627490725368
1585.0,0.00016461291792802514,0.0002382992097409442
1586.0,0.0001547585396328941,0.0002657086297404021
1587.0,0.00015060632524546236,0.00024482846492901444
1588.0,0.00014402725000400095,0.00023289231467060745
1589.0,0.00015762558369897305,0.0002441800315864384
1590.0,0.00014495251828338952,0.00023572446662001312
1591.0,0.0001345715314382687,0.0002320905332453549
1592.0,0.0001373276140075177,0.00024368951562792063
1593.0,0.00014553349686320872,0.0002300979831488803
1594.0,0.00013611385179683566,0.00024453678634017706
1595.0,0.0001414279363816604,0.00026427290868014097
1596.0,0.00016540926985908298,0.00032587157329544425
1597.0,0.00016916710347868503,0.0002553554077167064
1598.0,0.0001472469811560586,0.00025891626137308776
1599.0,0.0001406919410219416,0.00023650776711292565
1600.0,0.0001382893902482465,0.00025947648100554943
1601.0,0.0001426938467193395,0.00023913344193715602
1602.0,0.0001386601336998865,0.00024106286582536995
1603.0,0.00013247058948036284,0.00024999771267175674
1604.0,0.00013526963477488607,0.0002377638011239469
1605.0,0.00013744184793904423,0.0002485941513441503
1606.0,0.00014616111380746588,0.00024173625570256263
1607.0,0.00013314039958640933,0.00024454458616673946
1608.0,0.00013651048019528388,0.0002540957648307085
1609.0,0.00014109630009625108,0.00024011576897464693
1610.0,0.0001340202275896445,0.0002373807947151363
1611.0,0.0001329955436522141,0.0002352026494918391
1612.0,0.00015028395666740835,0.00023514307395089418
1613.0,0.00014034160238225014,0.00024977230350486934
1614.0,0.00013923497369978577,0.00023275133571587503
1615.0,0.0001385553942527622,0.0002938593097496778
1616.0,0.00015930862794630228,0.00024078768910840154
1617.0,0.0001450916384346783,0.00024250021670013666
1618.0,0.0001488500692648813,0.00023598616826348007
1619.0,0.00014287918340414763,0.00024055065296124667
1620.0,0.00015019447228405624,0.000290929339826107
1621.0,0.00015767023805528878,0.0002593503741081804
1622.0,0.00014833073853515088,0.0002591696393210441
1623.0,0.00014079985418356954,0.00023511951440013945
1624.0,0.00014066682546399535,0.00025319302221760154
1625.0,0.00014412297226954252,0.00024919171119108796
1626.0,0.00014383765787351878,0.00023882405366748571
1627.0,0.00014204778522253035,0.00023197257542051375
1628.0,0.00013892602291889488,0.0002448786108288914
1629.0,0.0001441916327457875,0.00025819308939389884
1630.0,0.00014413792185951024,0.00024184254289139062
1631.0,0.00014923450502101333,0.00024526071501895785
1632.0,0.00013960286416113377,0.0002416294883005321
1633.0,0.00015659728867467492,0.0002734405279625207
1634.0,0.00015070374228525908,0.00022728882322553545
1635.0,0.0001409667555708438,0.00024075382680166513
1636.0,0.00013647787645459174,0.00024043071607593447
1637.0,0.00014005808427464218,0.00024909817148
1638.0,0.00013652676541823895,0.00024653298896737397
1639.0,0.00013756608543917536,0.00025001115864142776
1640.0,0.00014031555608380586,0.0002529435441829264
1641.0,0.00014939757547108456,0.00024795386707410216
1642.0,0.00014785236027091742,0.00025081716012209654
1643.0,0.00014405425603035839,0.0002542341244406998
1644.0,0.00015039172570686788,0.00026342112687416375
1645.0,0.00014908537676092237,0.00025140304933302104
1646.0,0.00015415884857065975,0.00024727126583456993
1647.0,0.00015153357794042677,0.0002570558281149715
1648.0,0.00015045850805472583,0.00025923943030647933
1649.0,0.00013877373340073974,0.00022682466078549623
1650.0,0.00013121486781165004,0.000238289765547961
1651.0,0.0001442704596556723,0.0002507089520804584
1652.0,0.0001466746152145788,0.00025814061518758535
1653.0,0.00015162673837039618,0.00024139488232322037
1654.0,0.00013588762492872775,0.00023851780861150473
1655.0,0.00013582219218369573,0.00022924334916751832
1656.0,0.0001384890847839415,0.00024773029144853354
1657.0,0.00013723940204363316,0.0002501904673408717
1658.0,0.00013223267812281848,0.00023912466713227332
1659.0,0.00014052716293372214,0.000252642814302817
1660.0,0.00014328881248366088,0.00023950911418069154
1661.0,0.0001439170556841418,0.0002626710047479719
1662.0,0.00013715184084139764,0.0002361549559282139
1663.0,0.00013229839445557445,0.0002298682084074244
1664.0,0.00013605238136369735,0.0002446050348225981
1665.0,0.00013276318938005714,0.0002308540279045701
1666.0,0.00013523306674323977,0.00026291204267181456
1667.0,0.0001396144861355424,0.00022958936460781842
1668.0,0.00013598794268909842,0.00025352195370942354
1669.0,0.00013994010619353502,0.00022772193187847733
1670.0,0.00012939203227870167,0.00023633775708731264
1671.0,0.00014023697830270975,0.0002451001200824976
1672.0,0.0001341747761471197,0.00024693208979442716
1673.0,0.00014296332839876412,0.0002457631635479629
1674.0,0.00015188558551017196,0.0002434173657093197
1675.0,0.00014849554654210805,0.00025170520530082285
1676.0,0.00013870216265786438,0.00024899185518734157
1677.0,0.0001436489166226238,0.00024507034686394036
1678.0,0.0001478542526019737,0.000235978644923307
1679.0,0.00015048539848066866,0.0002616884303279221
1680.0,0.00014225814258679746,0.0002542817674111575
1681.0,0.00014288719475734978,0.0002535661042202264
1682.0,0.0001432341964682564,0.00025049352552741766
1683.0,0.0001474879557499662,0.00024708130513317883
1684.0,0.00013602242269553243,0.0002283721842104569
1685.0,0.0001383224406745285,0.00025712474598549306
1686.0,0.0001354023370658979,0.00023890665033832192
1687.0,0.00013282510230783374,0.00022791483206674457
1688.0,0.00013498691690620035,0.00024053531524259597
1689.0,0.00014115783746819943,0.0002286506787640974
1690.0,0.00013795188826043158,0.0002305881498614326
1691.0,0.0001336135132005438,0.000236011270317249
1692.0,0.00013091259670909493,0.00023860401415731758
1693.0,0.0001340575967915356,0.0002411876484984532
1694.0,0.00013462557888124137,0.00023421310470439494
1695.0,0.00013398633257020266,0.00023258564760908484
1696.0,0.00013223704986739903,0.0002692965208552778
1697.0,0.00014266590203624219,0.00023954758944455534
1698.0,0.00013553091348148883,0.0002308281691512093
1699.0,0.00014109864400234072,0.00024000939447432756
1700.0,0.00014539216307457537,0.0002650383103173226
1701.0,0.00014650930557399988,0.00025142135564237833
1702.0,0.00014091041381470858,0.0002329576964257285
1703.0,0.00013774645689409225,0.00023499206872656941
1704.0,0.00014159067231230438,0.00023057144426275045
1705.0,0.00014067338907625525,0.0002663772029336542
1706.0,0.0001495789245236665,0.00023808197875041515
1707.0,0.00013640189170837402,0.0002355879551032558
1708.0,0.00013736753561533987,0.00026728538796305656
1709.0,0.00015000257827341555,0.0002366323460591957
1710.0,0.0001419414534466341,0.00024163980560842901
1711.0,0.00013648851087782533,0.00024249260604847223
1712.0,0.00013631289137993008,0.00024003309954423457
1713.0,0.00014478535659145564,0.00023430652800016105
1714.0,0.0001357265318511054,0.00023652783420402557
1715.0,0.00013815416593570263,0.00023098888050299138
1716.0,0.0001312349042855203,0.00022653407359030098
1717.0,0.00013800594548229127,0.0002310607669642195
1718.0,0.0001373348073102534,0.00023583025904372334
1719.0,0.00013938084326218814,0.0002343251253478229
1720.0,0.00012524235201999545,0.00022615902707912028
1721.0,0.00013002099364530295,0.00024014305381570011
1722.0,0.0001404575768392533,0.0002423534169793129
1723.0,0.00015012100478634238,0.00026527748559601605
1724.0,0.00015326582989655434,0.0002463033015374094
1725.0,0.00014308756263926625,0.00024060318537522107
1726.0,0.0001379799417918548,0.00023989484179764986
1727.0,0.00013660614448599516,0.00022645419812761247
1728.0,0.00013265849847812205,0.00023759849136695266
1729.0,0.0001368165713502094,0.00022221509425435215
1730.0,0.00014062860072590412,0.00024679183843545616
1731.0,0.0001400917546125129,0.0002380048535997048
1732.0,0.0001439266405068338,0.0002677264274097979
1733.0,0.00015600786847062408,0.00023428788699675351
1734.0,0.000142759277834557,0.00023499716189689934
1735.0,0.00013980570033891127,0.0002592272066976875
1736.0,0.00013789822440594433,0.00023107802553568035
1737.0,0.00012798657722305507,0.0002453290799167007
1738.0,0.00013813893974293023,0.0002667534281499684
1739.0,0.00013726911030244082,0.00023494439665228128
1740.0,0.00013575366407167166,0.00022586564591620117
1741.0,0.0001383255576947704,0.00024269371351692826
1742.0,0.00013433771079871803,0.00024249657872132957
1743.0,0.0001362677647266537,0.00025513875880278647
1744.0,0.0001488697436871007,0.00024243480584118515
1745.0,0.00013987379148602485,0.00024381180992349982
1746.0,0.00014796062756795435,0.0002522742433939129
1747.0,0.00015548324480187147,0.0002751211868599057
1748.0,0.00014062526682391763,0.00024357496295124292
1749.0,0.00014499072800390424,0.0002398458746029064
1750.0,0.000133953653043136,0.00023034100013319403
1751.0,0.0001328373965807259,0.00025161454686895013
1752.0,0.00014798442251048982,0.0002522340801078826
1753.0,0.00013983678224030883,0.00023196289839688689
1754.0,0.00013615008868509903,0.0002377288619754836
1755.0,0.0001419013274135068,0.00022938242182135582
1756.0,0.00013406168518122286,0.00023951964976731688
1757.0,0.0001352254601661116,0.00024374797067139298
1758.0,0.00013458056875970215,0.00022239520330913365
1759.0,0.00013157117611262948,0.00022642065596301109
1760.0,0.0001348435067338869,0.0002327770198462531
1761.0,0.0001313050778117031,0.00024823524290695786
1762.0,0.0001457747423555702,0.00024173696874640882
1763.0,0.00013926235900726169,0.00023572341888211668
1764.0,0.0001383982909610495,0.00025318286498077214
1765.0,0.00013502111996058374,0.00021915612160228193
1766.0,0.0001325121655827388,0.0002214382402598858
1767.0,0.00013625905767548828,0.0002521550632081926
1768.0,0.00015095189679414033,0.0002246580843348056
1769.0,0.00014515570423100142,0.0002442389668431133
1770.0,0.00014533289615064859,0.0002495541993994266
1771.0,0.00013978177146054804,0.00022713014914188534
1772.0,0.0001340393761638552,0.0002291300770593807
1773.0,0.00012617786775808782,0.00023158280237112194
1774.0,0.00012786803976632655,0.00023700993915554136
1775.0,0.00013136661832686513,0.00022456848819274455
1776.0,0.0001314005944877863,0.00024338540970347822
1777.0,0.0001366184197831899,0.0002364980464335531
1778.0,0.0001361826774664223,0.00024203091743402183
1779.0,0.0001344676646986045,0.0002229569072369486
1780.0,0.00012946498114615678,0.00023763968783896416
1781.0,0.0001357259248616174,0.00024502872838638723
1782.0,0.0001361133260652423,0.00023374830198008567
1783.0,0.00013731095928233117,0.00024003477301448584
1784.0,0.00014491531217936427,0.00023125122243072838
1785.0,0.0001399981213035062,0.0002384588005952537
1786.0,0.00013270257343538105,0.0002375295734964311
1787.0,0.00013723638269584626,0.00023442268138751388
1788.0,0.0001369396437657997,0.00025821791496127844
1789.0,0.00013353675126563758,0.0002198213478550315
1790.0,0.00012389281886862591,0.00023413186136167496
1791.0,0.0001300158960511908,0.00023466222046408802
1792.0,0.0001446247004205361,0.00022701494162902236
1793.0,0.00013171049300581217,0.0002566987241152674
1794.0,0.00015691198443528264,0.00023485346173401922
1795.0,0.00014020368608180434,0.0002280597691424191
1796.0,0.00013473781931679695,0.00023897128994576633
1797.0,0.00014362624811474234,0.0002477965608704835
1798.0,0.00013759371475316584,0.0002494506479706615
1799.0,0.00014440502761863173,0.0002380868827458471
1800.0,0.0001377621218562126,0.0002443893172312528
1801.0,0.00015462680242490023,0.00025967962574213743
1802.0,0.00014462847693357615,0.00022781090228818357
1803.0,0.00013102329650428146,0.000247304531512782
1804.0,0.00013575443078298123,0.00028363504679873586
1805.0,0.00014449686172883958,0.0002309821720700711
1806.0,0.00012467127945274114,0.0002304454246768728
1807.0,0.0001363990386016667,0.0002280437183799222
1808.0,0.00012864892045035957,0.0002124648162862286
1809.0,0.00012057852209545672,0.000212502054637298
1810.0,0.00012627014971803874,0.00023065372079145163
1811.0,0.00013380156049970537,0.00024094847321975976
1812.0,0.00012937043618876487,0.0002242006448796019
1813.0,0.00013152098376303912,0.00023480431991629303
1814.0,0.0001269249213510193,0.0002324877423234284
1815.0,0.00013112410821486265,0.00022483436623588204
1816.0,0.00012885302363429218,0.00022858651936985552
1817.0,0.00012786370690446346,0.0002442113182041794
1818.0,0.00013607871858403085,0.00023382142535410821
1819.0,0.00013439238886348904,0.0002219962771050632
1820.0,0.00013272176845930517,0.00022239108511712402
1821.0,0.0001233161838608794,0.0002228181401733309
1822.0,0.00012614384957123547,0.00023018987849354744
1823.0,0.00013264817674644292,0.0002419283555354923
1824.0,0.000133867870667018,0.0002296079765073955
1825.0,0.0001247863551834598,0.00021602910419460386
1826.0,0.0001261402185773477,0.00023463377146981657
1827.0,0.00013175426435191185,0.0002314097946509719
1828.0,0.00013365428487304597,0.0002339950151508674
1829.0,0.0001331571724731475,0.00024081043375190347
1830.0,0.00013162197126075626,0.00023951758339535445
1831.0,0.0001391669490840286,0.00023198185954242945
1832.0,0.00013006646954454482,0.0002299910265719518
1833.0,0.00012480863713426515,0.0002291000128025189
1834.0,0.00012700956093613058,0.00022269597684498876
1835.0,0.00012555237486958505,0.00022505813103634864
1836.0,0.0001245611731428653,0.0002443490957375616
1837.0,0.00013633650459814815,0.0002368089189985767
1838.0,0.0001304577582050115,0.00023281639732886106
1839.0,0.00013916158198844643,0.0002392600435996428
1840.0,0.0001467603846685961,0.00023831560974940658
1841.0,0.00013688128208741546,0.00023226450139191002
1842.0,0.00013470010517630727,0.00023486702411901206
1843.0,0.0001287378576816991,0.00022349075879901648
1844.0,0.00012363258365076036,0.00022412356338463724
1845.0,0.0001269028299720958,0.000228280303417705
1846.0,0.00013537715398706496,0.00023256299027707428
1847.0,0.00013081807037815452,0.00023919661180116236
1848.0,0.00012675718404352664,0.00022846671345178038
1849.0,0.00013787678745575248,0.0002365739201195538
1850.0,0.00012641415791586041,0.00023579387925565243
1851.0,0.00013978728360962122,0.00022849971719551831
1852.0,0.00013868610409554095,0.00022305834863800555
1853.0,0.00012879869306925683,0.0002319822524441406
1854.0,0.00012567260419018566,0.0002159369905712083
1855.0,0.0001301835054764524,0.00022874960268381983
1856.0,0.00012811519182287157,0.000245921517489478
1857.0,0.00013958026678301394,0.0002419301017653197
1858.0,0.00013731058535631745,0.00023521205002907664
1859.0,0.0001350840023951605,0.0002576186088845134
1860.0,0.00014666659093927591,0.0002381264785071835
1861.0,0.0001268661863869056,0.0002292714489158243
1862.0,0.00012999669834971427,0.00023177523689810187
1863.0,0.00013229711877647788,0.00021917547564953566
1864.0,0.0001274203578941524,0.0002485515142325312
1865.0,0.00014261141628958284,0.00022088337573222816
1866.0,0.0001316870175069198,0.00024290177680086344
1867.0,0.0001319640750880353,0.0002281958586536348
1868.0,0.00012794817890971898,0.0002376242628088221
1869.0,0.0001323067160556093,0.00022500530758406967
1870.0,0.00013014239829499275,0.00023458647774532437
1871.0,0.00013299273338634521,0.0002287211100338027
1872.0,0.000139284222968854,0.000249787321081385
1873.0,0.00013264388195239008,0.00022703454305883497
1874.0,0.0001251901435898617,0.00022404789342544973
1875.0,0.00013966269174125047,0.00024515227414667606
1876.0,0.00013915694958996027,0.00022427852672990412
1877.0,0.00013009573298040778,0.00022251697373576462
1878.0,0.00012887320294976235,0.0002381493104621768
1879.0,0.00013177810283377766,0.0002237067965324968
1880.0,0.00013294892851263286,0.0002432664332445711
1881.0,0.00013726182957179845,0.00022468417591881007
1882.0,0.00013091736484784633,0.00023458815121557564
1883.0,0.00013900070555973799,0.00023284369672182947
1884.0,0.00014025889756157995,0.00022607135178986937
1885.0,0.00015174988575745375,0.00024189893156290054
1886.0,0.0001349310569348745,0.0002274397120345384
1887.0,0.0001221249016234651,0.0002229273522971198
1888.0,0.00012593054806347937,0.00021903662127442658
1889.0,0.0001333432785468176,0.00022467612870968878
1890.0,0.00013052687665913255,0.00023326859809458256
1891.0,0.00013173871557228267,0.00022284479928202927
1892.0,0.00012515064654871822,0.0002247543743578717
1893.0,0.00012628045235760509,0.0002204287884524092
1894.0,0.0001312713323859498,0.0002341757935937494
1895.0,0.00013980541593628005,0.00024205724184866995
1896.0,0.00013646811689250172,0.00025371203082613647
1897.0,0.00012744617997668685,0.00021229525736998767
1898.0,0.00013117929582949728,0.000248342112172395
1899.0,0.00013927523902384565,0.0002460625837557018
1900.0,0.00013107816444244235,0.00023052343749441206
1901.0,0.00012794567563105376,0.00023536686785519123
1902.0,0.0001307393271708861,0.00022385480406228453
1903.0,0.00012787733983714135,0.00022666716540697962
1904.0,0.0001321502635255456,0.000237879270571284
1905.0,0.00013953857566229998,0.00022215559147298336
1906.0,0.0001267400717479177,0.00021973160619381815
1907.0,0.00012416475778445602,0.0002148804342141375
1908.0,0.00012379539757966995,0.00022503992659039795
1909.0,0.0001307173076784238,0.00024626892991364
1910.0,0.0001268305537523702,0.000217622728087008
1911.0,0.00012664083490381017,0.0002295709418831393
1912.0,0.00014117364084813744,0.00025439757155254483
1913.0,0.00013626371254213155,0.0002216190187027678
1914.0,0.00012324192305095493,0.00022133073071017861
1915.0,0.000133903399691917,0.00023743648489471525
1916.0,0.00013507439836394041,0.0002321306092198938
1917.0,0.00013445594371296467,0.00021624685905408114
1918.0,0.0001329376130597666,0.00022827029170002788
1919.0,0.0001297627977328375,0.00023381586652249098
1920.0,0.00012347998993936926,0.00023315557336900383
1921.0,0.00013606722676195204,0.00023782395874150097
1922.0,0.00014379464136436582,0.0002238020533695817
1923.0,0.00012777250562794507,0.0002295718586537987
1924.0,0.00012634654133580626,0.00022838894801679999
1925.0,0.00012946419324725867,0.00022901185730006546
1926.0,0.00014221435564104468,0.0002486984303686768
1927.0,0.00013199731730856,0.00024738768115639687
1928.0,0.00013513736217282712,0.00024034683883655816
1929.0,0.00014203649503178895,0.00025293458020314574
1930.0,0.0001357936795684509,0.00021795282373204827
1931.0,0.00012481942353770136,0.00022143356909509748
1932.0,0.00013259236270096153,0.0002344208478461951
1933.0,0.00014144396083429455,0.00021920795552432537
1934.0,0.00012636657943949103,0.00024583464255556464
1935.0,0.0001378962037852034,0.0002227007644250989
1936.0,0.00012360334035474806,0.00022752094082534313
1937.0,0.00013401163218077273,0.00023346158559434116
1938.0,0.00013054048095364123,0.00022826759959571064
1939.0,0.00012271842011250556,0.00021610752446576953
1940.0,0.0001309166057035327,0.00021277349151205271
1941.0,0.00013058060291223228,0.0002364567044423893
1942.0,0.0001379008649964817,0.00022119075583759695
1943.0,0.00011457855580374599,0.00020924142154399306
1944.0,0.00011521150777116418,0.00021891595679335296
1945.0,0.00012140989943873137,0.00021273133461363614
1946.0,0.00012048620166024193,0.0002143496967619285
1947.0,0.00012101284944219514,0.00021886793547309935
1948.0,0.00012445042049512268,0.00023006035189609975
1949.0,0.00013121872954070568,0.00022254236682783812
1950.0,0.00012711989390663803,0.0002162740274798125
1951.0,0.00014710135350469499,0.00024966473574750125
1952.0,0.00015221510932315142,0.0002353244344703853
1953.0,0.00013437675253953784,0.00024477977422066033
1954.0,0.0001266293148510158,0.00021542934700846672
1955.0,0.0001274286354891956,0.00022454959980677813
1956.0,0.00013027723261620848,0.0002293936995556578
1957.0,0.00012681402801536024,0.00022450296091847122
1958.0,0.00013404110062401742,0.000225241863518022
1959.0,0.00013421152997761964,0.00023232083185575902
1960.0,0.0001427316548069939,0.00024664003285579383
1961.0,0.00013328830478712917,0.00024994401610456407
1962.0,0.00013492370769381523,0.0002203304902650416
1963.0,0.0001238879772135988,0.0002108214539475739
1964.0,0.00012461553374305367,0.0002453861525282264
1965.0,0.00013365212816279383,0.00021849325275979936
1966.0,0.00013297230278840288,0.00022404560877475888
1967.0,0.0001273389698471874,0.00021046549954917282
1968.0,0.0001293468790827319,0.00024230351846199483
1969.0,0.00013270520220976323,0.00023660268925596029
1970.0,0.00013426877139136194,0.00022996887855697423
1971.0,0.000128280719043687,0.00023755597067065537
1972.0,0.00012821299745701255,0.00022922299103811383
1973.0,0.00012039863097015768,0.00022092224389780313
1974.0,0.0001170745772542432,0.0002120853023370728
1975.0,0.00012304903240874408,0.00021637690952047706
1976.0,0.00012546793179353698,0.0002426308492431417
1977.0,0.00013093995139934123,0.00021321787789929658
1978.0,0.00012676258041756228,0.0002216779685113579
1979.0,0.0001279067180585116,0.00023850693833082914
1980.0,0.00012867147178621962,0.000225108684389852
1981.0,0.00012358276068698615,0.00023241057351697236
1982.0,0.00012571146234404296,0.00021058859420008957
1983.0,0.0001192752867937088,0.00022420036839321256
1984.0,0.00012243086099624634,0.00022644489945378155
1985.0,0.00013382984232157468,0.00026441123918630183
1986.0,0.00013501371257007122,0.00023329492250923067
1987.0,0.0001274904140154831,0.00024247467808891088
1988.0,0.00013230850920081138,0.00021178818133194
1989.0,0.00012227913888636976,0.00022461020853370428
1990.0,0.00012746758479624987,0.00023511034669354558
1991.0,0.00012070884986314923,0.00021764103439636528
1992.0,0.0001216659297933802,0.00022644746059086174
1993.0,0.00012030447373399511,0.00022112904116511345
1994.0,0.00012045363325159997,0.0002119436685461551
1995.0,0.0001215075463987887,0.00021068840578664094
1996.0,0.00012227597087621688,0.0002321036736248061
1997.0,0.0001323776007629931,0.00021864581503905356
1998.0,0.00012389489472843705,0.00021780609677080065
1999.0,0.00011906393768731505,0.00022001017350703478
2000.0,0.00012763626605737953,0.00022251442715059966
2001.0,0.00011996597656980157,0.00021009026386309415
2002.0,0.00011898903269320727,0.00022038571478333324
2003.0,0.00012557661056052894,0.00024145295901689678
2004.0,0.00013739621010608972,0.00025232037296518683
2005.0,0.0001477310329210013,0.00023579527623951435
2006.0,0.00013479552743956446,0.00021694746101275086
2007.0,0.00012883091857656838,0.00023393674928229302
2008.0,0.00012263938330579549,0.0002190157974837348
2009.0,0.00012570384400896727,0.00022510830604005605
2010.0,0.00012643415573984385,0.000219679408473894
2011.0,0.00012269454047782345,0.0002242910850327462
2012.0,0.00012997541262302548,0.00022493774304166436
2013.0,0.00015163829643279313,0.0002605972404126078
2014.0,0.00014129905478330328,0.00024346489226445556
2015.0,0.00013469878537580372,0.00022006846847943962
2016.0,0.0001445911996997893,0.0002636048011481762
2017.0,0.00014597829105332495,0.00021487759659066796
2018.0,0.00012496270326664671,0.00022012292174622416
2019.0,0.00012188207864528521,0.0002246061194455251
2020.0,0.0001282808274263516,0.00022111173893790692
2021.0,0.00013556700421031565,0.0002240500325569883
2022.0,0.000123759743233677,0.00020993940415792167
2023.0,0.00012212908046785743,0.00023126578889787197
2024.0,0.00012349760852521286,0.00021033661323599517
2025.0,0.00011338180338498205,0.00021119602024555206
2026.0,0.00011848600942175835,0.00021043402375653386
2027.0,0.00012137532123597339,0.00021361108520068228
2028.0,0.00011766121169785038,0.00021769737941212952
2029.0,0.00012972952658310533,0.00021309452131390572
2030.0,0.00012938812340144068,0.00023088017769623548
2031.0,0.0001210166101809591,0.00021718844072893262
2032.0,0.00012153021263657138,0.00021793425548821688
2033.0,0.00012036036932840943,0.00022324394376482815
2034.0,0.00012931046914309264,0.00021277760970406234
2035.0,0.0001309782174648717,0.00022242742124944925
2036.0,0.0001180391248781234,0.0002071262861136347
2037.0,0.00012335905013605953,0.00021120923338457942
2038.0,0.0001228182838531211,0.0002542583388276398
2039.0,0.0001286237210733816,0.00021995053975842893
2040.0,0.00013008574052946641,0.00023735778813716024
2041.0,0.00012734080757945777,0.00022526347311213613
2042.0,0.0001264967949828133,0.00021141326578799635
2043.0,0.00011993227031780407,0.00021734897745773196
2044.0,0.00011919326212955639,0.00020674458937719464
2045.0,0.00011283645441289992,0.0002150580403394997
2046.0,0.00011736961669521407,0.00021428405307233334
2047.0,0.00011984769976697862,0.00022343065938912332
2048.0,0.00012154751759953797,0.00021728484716732055
2049.0,0.00011624304280849174,0.0002225335338152945
2050.0,0.00012834674958139657,0.00022825843188911676
2051.0,0.00012685907282866538,0.0002183602045988664
2052.0,0.00012302459764759987,0.0002519021218176931
2053.0,0.00013315699441591278,0.00023008044809103012
2054.0,0.00012159636942669749,0.00021400889090728015
2055.0,0.00012610006553586572,0.00022021598124410957
2056.0,0.00012669544701930134,0.0002262386988149956
2057.0,0.0001225679871859029,0.00021408239263109863
2058.0,0.00011718429723987356,0.00020716313156299293
2059.0,0.00011647242738399655,0.00021143390040379018
2060.0,0.00012083509122021497,0.00023036370112095028
2061.0,0.000127122484263964,0.00022167552378959954
2062.0,0.00012431841832585632,0.00020809560373891145
2063.0,0.00012010470480890945,0.00022423236805479974
2064.0,0.00012559932126896456,0.00023355000303126872
2065.0,0.00014419176161754876,0.0002316657337360084
2066.0,0.00013148886983981357,0.0002253972925245762
2067.0,0.0001368396757170558,0.0002629511000122875
2068.0,0.00013695184176322072,0.00021935804397799075
2069.0,0.00012605410860851406,0.00022021909535396844
2070.0,0.00012282908923225478,0.00021242555521894246
2071.0,0.00012342705170158297,0.0002260026230942458
2072.0,0.00013423978083301335,0.0002283569483552128
2073.0,0.0001349587597651407,0.00022453779820352793
2074.0,0.00012021375470794738,0.00021780618408229202
2075.0,0.00011784971546148882,0.00021064429893158376
2076.0,0.0001173500488512218,0.00021235531312413514
2077.0,0.0001245441237697378,0.00021745057892985642
2078.0,0.00013566342135891318,0.00022030918626114726
2079.0,0.0001252382752718404,0.0002136965049430728
2080.0,0.00011594667070312426,0.00021539746376220137
2081.0,0.0001250822269357741,0.00021443268633447587
2082.0,0.00012144886481110007,0.00023806188255548477
2083.0,0.00012311588344164192,0.00022939403424970806
2084.0,0.00013743191608227789,0.0002096497337333858
2085.0,0.00012705346290022135,0.0002272921265102923
2086.0,0.00013693560124374926,0.00021880587155465037
2087.0,0.00012893577641807496,0.00022724636073689908
2088.0,0.00012295987230027096,0.00021976273274049163
2089.0,0.00013181424792855977,0.00021569061209447682
2090.0,0.00011822139821015298,0.00020707158546429127
2091.0,0.0001164459809078835,0.00021484667377080768
2092.0,0.00011587379698175938,0.00020761796622537076
2093.0,0.0001169755927985534,0.0002279868203913793
2094.0,0.00012630369164980947,0.0002272953133797273
2095.0,0.00012016741978004574,0.00021601369371637702
2096.0,0.00012576202442869544,0.00021167071827221662
2097.0,0.00012187734711915254,0.0002058453974314034
2098.0,0.00011338901217095554,0.00022196280770003796
2099.0,0.00011487801774637774,0.00020587301696650684
2100.0,0.00011964359879493713,0.00022591037850361317
2101.0,0.00012768150347983463,0.0002089934714604169
2102.0,0.00011396045354194939,0.00020405148097779602
2103.0,0.00011499808041844516,0.0002125273022102192
2104.0,0.00011805079760961235,0.00022954342421144247
2105.0,0.00012625799723900856,0.0002189215738326311
2106.0,0.00012210655247326942,0.00022087532852310687
2107.0,0.00011841310234740377,0.0002095842792186886
2108.0,0.00011846207908820362,0.00021974591072648764
2109.0,0.00012272594752721488,0.0002450021856930107
2110.0,0.00014848420850466936,0.00029144753352738917
2111.0,0.00015843815018888564,0.00023437401978299022
2112.0,0.00013677853270201013,0.00021430716151371598
2113.0,0.00011842427542433143,0.00021690256835427135
2114.0,0.00011735878349281847,0.00022752540826331824
2115.0,0.00013192408485338092,0.00021795382781419903
2116.0,0.00012213743000756948,0.00022535129392053932
2117.0,0.00012682595872320234,0.0002125429455190897
2118.0,0.0001253553789574653,0.00022203380649443716
2119.0,0.00011849102395353839,0.00021265110990498215
2120.0,0.00011689012771239504,0.0002100056008202955
2121.0,0.00012041312572546303,0.00021991894755046815
2122.0,0.00012927897484041751,0.0002301834902027622
2123.0,0.00012670376594178378,0.00021502836898434907
2124.0,0.00012884746969211847,0.0002187429490732029
2125.0,0.000116343873902224,0.00022869666281621903
2126.0,0.0001161838270490989,0.00020724082423839718
2127.0,0.00012237694882787764,0.0002365888940403238
2128.0,0.00013187538692727686,0.00021361523249652237
2129.0,0.00011997797980438917,0.00022672339400742203
2130.0,0.00012841786874923856,0.00024376045621465892
2131.0,0.00012993220228236168,0.0002177033748012036
2132.0,0.00012072815228020772,0.00020684098126366735
2133.0,0.00011657796887448057,0.00021375814685598016
2134.0,0.00011963723471853881,0.0002099987759720534
2135.0,0.0001219148029340431,0.00022211109171621501
2136.0,0.0001248062561498955,0.0002219793532276526
2137.0,0.00012695734575390817,0.00022264824656303972
2138.0,0.00011837871157331393,0.00020965687872376293
2139.0,0.00012014659494161606,0.00021582419867627323
2140.0,0.00011577372800093145,0.00021473935339599848
2141.0,0.00011721188097726553,0.0002204087213613093
2142.0,0.00012106026569381356,0.0002329063427168876
2143.0,0.00013541363511467353,0.00021544433548115194
2144.0,0.00012940572819206863,0.0002203404437750578
2145.0,0.00012085684714838863,0.00020668581419158727
2146.0,0.00011581153969746083,0.0002142099110642448
2147.0,0.00013228425075067208,0.00024304239195771515
2148.0,0.00013370072946418076,0.00020291865803301334
2149.0,0.00011665256082778797,0.00022492496646009386
2150.0,0.00011837539618136361,0.00020049716113135219
2151.0,0.00013001661642920225,0.0002571413933765143
2152.0,0.00014177902683150024,0.00023344946384895593
2153.0,0.00011962167650926858,0.00021748959261458367
2154.0,0.00012090678198728711,0.0002228980592917651
2155.0,0.00012012354214675724,0.00020914393826387823
2156.0,0.00012376267329091206,0.000208953395485878
2157.0,0.00012025564798386767,0.00021860150445718318
2158.0,0.00011989717709366232,0.00020905147539451718
2159.0,0.00011241570411948487,0.00021156499860808253
2160.0,0.00011172015563352033,0.00020588088955264539
2161.0,0.0001129992603091523,0.00020322059572208673
2162.0,0.00011471321451244876,0.00020626775221899152
2163.0,0.00011877384700346739,0.00020385523384902626
2164.0,0.00012042340205516666,0.0002320467756362632
2165.0,0.00013039318419760093,0.00022120890207588673
2166.0,0.00012284306774381547,0.00021768191072624177
2167.0,0.00012069333123508841,0.0002075500669889152
2168.0,0.00011784985940903426,0.00021746681886725128
2169.0,0.00011910938081564382,0.00021560920868068933
2170.0,0.00012527724355459213,0.00024232742725871503
2171.0,0.00012782068690285088,0.00022616198111791164
2172.0,0.00012234549014829098,0.00021239236230030656
2173.0,0.00012056637892965227,0.0002166122867492959
2174.0,0.00011843454517656937,0.0002009198651649058
2175.0,0.00011152535013388842,0.00021264009410515428
2176.0,0.00012599535408662631,0.0002041569969151169
2177.0,0.00011293940641917288,0.00021199868933763355
2178.0,0.00011433172505348921,0.0002091075584758073
2179.0,0.00011486789939226583,0.0002029116585617885
2180.0,0.00011381305183749646,0.00020390863937791437
2181.0,0.00011922278080601245,0.0002230256941402331
2182.0,0.00012803668138803914,0.00021791653125546873
2183.0,0.00011717430775752292,0.0002233231207355857
2184.0,0.00012029247009195387,0.00020988409232813865
2185.0,0.00012513495364692063,0.00020682925241999328
2186.0,0.00012448411015793682,0.0002207907964475453
2187.0,0.00011786003166344017,0.00023969094036146998
2188.0,0.00012508583907037973,0.0002304049994563684
2189.0,0.00013379728409927338,0.00021124628256075084
2190.0,0.00012565047945827245,0.00023769662948325276
2191.0,0.0001248775514541194,0.00022145785624161363
2192.0,0.0001240372146712616,0.0002155679394491017
2193.0,0.00011337060458026826,0.00020887010032311082
2194.0,0.00011397937929723411,0.00021421936980914325
2195.0,0.00012235682457685472,0.0002203053008997813
2196.0,0.0001243509337073192,0.00020517663506325334
2197.0,0.0001157187566277571,0.00023077611695043743
2198.0,0.00012248195701977237,0.00021548061340581626
2199.0,0.00011715553398244082,0.00020587806648109108
2200.0,0.0001173034543171525,0.00021634611766785383
2201.0,0.00012196027720347047,0.00020299169409554452
2202.0,0.00011314230528660118,0.0002109476481564343
2203.0,0.00011708697309950367,0.0002013718622038141
2204.0,0.0001125696407398209,0.0002227264194516465
2205.0,0.00011699453566689044,0.00020931560720782727
2206.0,0.0001191371463937685,0.00022567741689272225
2207.0,0.00011526888242224231,0.00020971658523194492
2208.0,0.00013322873320430518,0.0002266145165776834
2209.0,0.000143472651951015,0.00022043034550733864
2210.0,0.0001297835105797276,0.00022531900322064757
2211.0,0.00011989028478274122,0.00021994728012941778
2212.0,0.00012633720476878807,0.0002123438025591895
2213.0,0.00011904056108323857,0.00021260310313664377
2214.0,0.00011219533561961725,0.00019885080109816045
2215.0,0.00011201796645764262,0.00021218946494627744
2216.0,0.00011155434441752732,0.00019993177556898445
2217.0,0.00011097777937538922,0.00020472366304602474
2218.0,0.00011555795487947762,0.00021918548736721277
2219.0,0.00012509108998347073,0.00022031337721273303
2220.0,0.0001279461288941093,0.00021844358707312495
2221.0,0.00012471845606341957,0.00022521475329995155
2222.0,0.00012081283272709698,0.00020971812773495913
2223.0,0.00012072042800718919,0.00020505512657109648
2224.0,0.00012241651630029082,0.00022196602367330343
2225.0,0.00012774522008839994,0.0002225857024313882
2226.0,0.00011720891715958715,0.0002205202035838738
2227.0,0.00012229748134268449,0.00020581301942002028
2228.0,0.00011281994159799069,0.00020559765107464045
2229.0,0.00011270372237777337,0.00019729377527255565
2230.0,0.00011357670411234722,0.00020258815493434668
2231.0,0.00011252758628688753,0.00021975349227432162
2232.0,0.00011897886160295456,0.00020629343634936959
2233.0,0.0001228668195544742,0.0002160542644560337
2234.0,0.00013244108529761434,0.00021742359967902303
2235.0,0.00012408708501607178,0.00023049363517202437
2236.0,0.00011873874912271276,0.00020789357949979603
2237.0,0.00012414202763466164,0.00022078699839767069
2238.0,0.0001164367037708871,0.00021282701345626265
2239.0,0.00011403782648267225,0.0002172469685319811
2240.0,0.00011561270360834897,0.00019737148249987513
2241.0,0.00011457389272982255,0.00020887810387648642
2242.0,0.00011267097492236645,0.0002111061185132712
2243.0,0.000115853073541075,0.00021293768077157438
2244.0,0.00012163169757695868,0.0002095192758133635
2245.0,0.00011508680309634656,0.0002119269920513034
2246.0,0.00011978891270700843,0.00021261294023133814
2247.0,0.00011662829876877367,0.00020328072423581034
2248.0,0.00012525366805493833,0.0002612045791465789
2249.0,0.00014511222630972042,0.00022892921697348356
2250.0,0.00012756551313214005,0.00021055473189335316
2251.0,0.00012168079963885248,0.00022470201656688005
2252.0,0.00011822838010266424,0.00020604928431566805
2253.0,0.0001286505525931716,0.0002247484226245433
2254.0,0.00011613355920417234,0.00021777325309813023
2255.0,0.00012320120766526088,0.00021312378521542996
2256.0,0.00011443307960871607,0.00021396730153355747
2257.0,0.00011754801543429494,0.00020935044449288398
2258.0,0.00011597996379714459,0.00020718348969239742
2259.0,0.00012806939519941805,0.00021011833450756967
2260.0,0.00011842664791038259,0.0001995520869968459
2261.0,0.00010894205363001674,0.00019976320618297905
2262.0,0.00010988948406884446,0.00019960023928433657
2263.0,0.0001101620001718402,0.00022621605603490025
2264.0,0.00012788701528916135,0.00024750811280682683
2265.0,0.00012493384251138195,0.00022279437689576298
2266.0,0.00011858576699160039,0.0002200110611738637
2267.0,0.0001175988889299333,0.00022233594791032374
2268.0,0.0001259212214499712,0.0002139823918696493
2269.0,0.00011916824453510344,0.00022835982963442802
2270.0,0.00013289516454096883,0.0002407665306236595
2271.0,0.0001317388117313385,0.00022525645908899605
2272.0,0.00012676719448063522,0.00020026162383146584
2273.0,0.0001332499432610348,0.00023257087741512805
2274.0,0.00012328129913657905,0.00020673724066000432
2275.0,0.00011402858514338732,0.00020036073692608625
2276.0,0.00011040763615164906,0.00020069628953933716
2277.0,0.00010931260837242007,0.00020775511802639812
2278.0,0.00012048296944703907,0.00021057036065030843
2279.0,0.0001194673025747761,0.00021359394304454327
2280.0,0.00010822828655363991,0.00019656225049402565
2281.0,0.00010981969791464508,0.00020325786317698658
2282.0,0.00012217715772567316,0.00022553745657205582
2283.0,0.00011656517517985775,0.0002154978719772771
2284.0,0.00012317567120771855,0.00021813553757965565
2285.0,0.00011856894043739885,0.00020197458798065782
2286.0,0.00010912319138878956,0.00020367887918837368
2287.0,0.00011489723983686418,0.00022818402794655412
2288.0,0.000121668690466322,0.00024231334100477397
2289.0,0.00012295426888158544,0.00021528881916310638
2290.0,0.00011707574565662072,0.00020628469064831734
2291.0,0.00011815995292272419,0.00020131129713263363
2292.0,0.00011425116105237975,0.0002221203758381307
2293.0,0.00012713890109444036,0.00022459177125710994
2294.0,0.00012206027831416577,0.00021529849618673325
2295.0,0.0001255333709414117,0.00022207714209798723
2296.0,0.00011714935151394457,0.00019948896078858525
2297.0,0.00011128884681966156,0.0002147125342162326
2298.0,0.00011526110768318177,0.0002171350788557902
2299.0,0.00011322006513364613,0.000209482604986988
2300.0,0.00011347281845519319,0.0001997890940401703
2301.0,0.00011264350003330037,0.00020633825624827296
2302.0,0.00010842393437633291,0.0002002004039241001
2303.0,0.00010791907249949872,0.0001948880380950868
2304.0,0.00010810958535876125,0.00020117996609769762
2305.0,0.00010988413996528834,0.00019782476010732353
2306.0,0.00010807842062786222,0.00020552669593598694
2307.0,0.00010633623535977676,0.00021531681704800576
2308.0,0.00011491740762721747,0.00021613614808302373
2309.0,0.00011722557048778981,0.00022272710339166224
2310.0,0.00011985494830878452,0.00022053469729144126
2311.0,0.00012188930821139366,0.00020515118376351893
2312.0,0.00011286529566859826,0.00020784187654498965
2313.0,0.00011285459890495986,0.0002076355740427971
2314.0,0.00011062406474957242,0.00020653622050303966
2315.0,0.0001087493086233735,0.00020342589414212853
2316.0,0.00011655144090764224,0.00022239689133130014
2317.0,0.000126735974336043,0.00021805700089316815
2318.0,0.00011184502037940546,0.00020927736477460712
2319.0,0.00011514354683458805,0.00021014269441366196
2320.0,0.00011183237575460225,0.00020000225049443543
2321.0,0.00011556416982784868,0.0002231311082141474
2322.0,0.00011926455894717946,0.00022389432706404477
2323.0,0.0001209495643270202,0.0002044630964519456
2324.0,0.0001133900256245397,0.00019142794189974666
2325.0,0.00011247162648942322,0.00020523462444543839
2326.0,0.00011586571880616248,0.00020623992895707488
2327.0,0.0001288064807886258,0.00022345801698975265
2328.0,0.00011716889863600955,0.000201324830413796
2329.0,0.00010867164138471708,0.00020956336811650544
2330.0,0.00011915515176951885,0.00021759283845312893
2331.0,0.0001239162940182723,0.0002032321208389476
2332.0,0.0001158391018398106,0.0002071298222290352
2333.0,0.0001164642641087994,0.00021224944794084877
2334.0,0.00011312064400408417,0.00020406446128617972
2335.0,0.00011173587490338832,0.00020565191516652703
2336.0,0.0001214700808050111,0.0002102128928527236
2337.0,0.00012412452907301484,0.0002291561249876395
2338.0,0.00012422542297281324,0.00021345485583879054
2339.0,0.00011407943570520728,0.0002048669703071937
2340.0,0.00011444380530156195,0.00020471290918067098
2341.0,0.00011289403663249686,0.00023402330407407135
2342.0,0.00011904142145067453,0.00021441513672471046
2343.0,0.00011121797509258613,0.0002016483631450683
2344.0,0.00010962951462715864,0.00019634977797977626
2345.0,0.00011145535070681944,0.00021730034495703876
2346.0,0.00011261740286136046,0.00021915778052061796
2347.0,0.00011783275211928412,0.00020464922999963164
2348.0,0.00010661584878107533,0.00021186321100685745
2349.0,0.00011946412129327655,0.00022281486599240452
2350.0,0.00011226490704575553,0.00021500556613318622
2351.0,0.0001164030148065649,0.0002135619433829561
2352.0,0.00011642456514528022,0.00020405760733410716
2353.0,0.00011313493020134047,0.0001955009065568447
2354.0,0.0001052214207011275,0.00019304935995023698
2355.0,0.00010691176261752843,0.00020171723735984415
2356.0,0.0001115552478004247,0.00020461402891669422
2357.0,0.00012817130354233087,0.00023594584490638226
2358.0,0.00013078235764987767,0.00021607393864542246
2359.0,0.0001290498529560864,0.00024548720102757215
2360.0,0.00011659466318087652,0.0001943878160091117
2361.0,0.00010504884563852101,0.00020297047740314156
2362.0,0.00010770937748020514,0.00019642230472527444
2363.0,0.00012213921756483613,0.00023182097356766462
2364.0,0.00011827753391116858,0.00021202111383900046
2365.0,0.00011535941762849688,0.00020518442033790052
2366.0,0.00012092424347065389,0.00023818998306524009
2367.0,0.00012632492231205107,0.0002036492369370535
2368.0,0.00011157662014011293,0.00021190036204643548
2369.0,0.00011017946247011424,0.00020223243336658925
2370.0,0.00011085692758206278,0.0002025859139394015
2371.0,0.00011557685449952259,0.0002359313511988148
2372.0,0.0001253193491138518,0.00022261023696046323
2373.0,0.0001315301304566674,0.00023919752857182175
2374.0,0.00011887404212029651,0.00020654815307352692
2375.0,0.0001148759406642057,0.00022053695283830166
2376.0,0.00011224177514668554,0.00019070204871241003
2377.0,0.00010523897228995338,0.00020821701036766171
2378.0,0.00011715695483144373,0.00021042123262304813
2379.0,0.00011104951263405383,0.00018968834774568677
2380.0,0.00010645535151707009,0.0002018461236730218
2381.0,0.00010908070631558075,0.0002020771207753569
2382.0,0.00011599806195590645,0.0002062934945570305
2383.0,0.0001243034239159897,0.00021036503312643617
2384.0,0.00011777604412054643,0.00022359883587341756
2385.0,0.00011731468909420074,0.00019971745496150106
2386.0,0.00012240203213877975,0.00020917087385896593
2387.0,0.0001242025283863768,0.00019760112627409399
2388.0,0.00011945556016871706,0.00020817972836084664
2389.0,0.00011815312434919178,0.00019839660672005266
2390.0,0.00011610971158370375,0.0002270020340802148
2391.0,0.0001255261416081339,0.00020198423590045422
2392.0,0.00012675547087565063,0.00021593563724309206
2393.0,0.00011241462815087288,0.0002155616384698078
2394.0,0.00011777663003886119,0.00021604842913802713
2395.0,0.0001087671157438308,0.0002055835211649537
2396.0,0.00010604535491438582,0.00022012300905771554
2397.0,0.00011180387780768797,0.00020944768039043993
2398.0,0.0001217086257529445,0.0002147202321793884
2399.0,0.00012211612571263685,0.00021009580814279616
2400.0,0.00011066983692580834,0.00019329742644913495
2401.0,0.00011083043832331896,0.00020219216821715236
2402.0,0.00011389791005058214,0.00019876133592333645
2403.0,0.00010210699657909572,0.0001932171726366505
2404.0,0.0001079406565404497,0.0002029792231041938
2405.0,0.0001081550749950111,0.00019866821821779013
2406.0,0.00010852313740178943,0.00019487796816974878
2407.0,0.00011968612199416384,0.0002106062020175159
2408.0,0.00011054214235628023,0.000204245385248214
2409.0,0.00010672960482770577,0.00020897449576295912
2410.0,0.00011428161623189225,0.00022518423793371767
2411.0,0.00011895456782076508,0.00020672532264143229
2412.0,0.0001119714924134314,0.00019986473489552736
2413.0,0.00011374575883382931,0.00020521240367088467
2414.0,0.0001086539898533374,0.0001951810554601252
2415.0,0.00010871321486774832,0.0002074751100735739
2416.0,0.00011175813729641959,0.00021733804896939546
2417.0,0.00011332114145625382,0.00021332419419195503
2418.0,0.00010772608953993767,0.0001920551003422588
2419.0,0.00010491887130774557,0.00021426282182801515
2420.0,0.00010792900342494249,0.00020321410556789488
2421.0,0.00011114361940417438,0.0002060632687062025
2422.0,0.00011287144850939512,0.00020225874322932214
2423.0,0.0001130242093349807,0.00019933487055823207
2424.0,0.0001134503170615062,0.00021842277783434838
2425.0,0.000129280612221919,0.00020155060337856412
2426.0,0.00011195003165630624,0.0002033698110608384
2427.0,0.00010734592034714296,0.0002086026215692982
2428.0,0.00011965429014526307,0.00019887954113073647
2429.0,0.00010929110669530928,0.00020519802637863904
2430.0,0.00011069999990286306,0.00020963491988368332
2431.0,0.00011510701169027015,0.00020440167281776667
2432.0,0.00010900161520112306,0.00019075778254773468
2433.0,0.0001070867016678676,0.0001952824677573517
2434.0,0.00011993473442271352,0.00019900905317626894
2435.0,0.00011349085706751794,0.0002101217833114788
2436.0,0.00011362874624319375,0.0002026749134529382
2437.0,0.00011233482760144397,0.0002192191604990512
2438.0,0.00011507496336707846,0.00018980079039465636
2439.0,0.00012020059785572812,0.00020618733833543956
2440.0,0.0001084723076201044,0.0002050987968686968
2441.0,0.00010780811216682195,0.00020675348059739918
2442.0,0.0001235351380892098,0.00021553016267716885
2443.0,0.00011158679926302284,0.0001921517978189513
2444.0,0.00010914401838090271,0.00020515487994998693
2445.0,0.00011708295717835427,0.00022964333766140044
2446.0,0.00011883558559929952,0.00020053207117598504
2447.0,0.00010778632521396503,0.00020016160851810127
2448.0,0.00011604070174507796,0.00021450803615152836
2449.0,0.00011427102627931163,0.00020101784321013838
2450.0,0.00011229455517604947,0.0002066723827738315
2451.0,0.0001127197730820626,0.0002072236529784277
2452.0,0.00011637736950069666,0.00020741179469041526
2453.0,0.00011187563714338466,0.00019533112936187536
2454.0,0.00010746536805527285,0.00019741222786251456
2455.0,0.00011040877789491788,0.00019969121785834432
2456.0,0.0001073551758308895,0.0002180116280214861
2457.0,0.00011290555284358561,0.00021875996026210487
2458.0,0.00011563887947704643,0.00019992486340925097
2459.0,0.0001065788313280791,0.00020416667393874377
2460.0,0.00011482833931222558,0.0002100728452205658
2461.0,0.0001096766454866156,0.00020439362560864538
2462.0,0.00011519650183618068,0.00020364300871733576
2463.0,0.00011312153749167919,0.00020904331177007407
2464.0,0.00013026071817148478,0.00025442559854127467
2465.0,0.0001221582543803379,0.00020433393365237862
2466.0,0.00011026517272694036,0.00023201870499178767
2467.0,0.00011593397794058546,0.00019707684987224638
2468.0,0.00010616309999022632,0.00019969954155385494
2469.0,0.00010760020307498052,0.00019553017045836896
2470.0,0.0001048660384840332,0.00020200650033075362
2471.0,0.00010681720357388258,0.0001925529504660517
2472.0,9.873437456553802e-05,0.0001928918354678899
2473.0,0.00010614404710941017,0.00021042348816990852
2474.0,0.00011028107575839386,0.00020963282440789044
2475.0,0.0001116497881594114,0.00019635094213299453
2476.0,0.00010563788708532229,0.00019967167463619262
2477.0,0.00011158028244972229,0.0001856598973972723
2478.0,0.00010831187979783863,0.0001899936905829236
2479.0,0.00010097093967488035,0.00019343389431014657
2480.0,0.00010640497133135795,0.00020072194456588477
2481.0,0.00011760128429159522,0.0002075975207844749
2482.0,0.00012405027489876375,0.0002249599783681333
2483.0,0.00012375256698578596,0.00020755568402819335
2484.0,0.0001163730388507247,0.0002005175338126719
2485.0,0.00010654859727947041,0.00019587046699598432
2486.0,0.00010451338510029018,0.0002052080089924857
2487.0,0.00010933686455246061,0.00019438572053331882
2488.0,0.00012534767738543452,0.00021276810730341822
2489.0,0.00012109771190444007,0.00020203257736284286
2490.0,0.00010645863221725449,0.00020259077427908778
2491.0,0.00012048547819722444,0.00020427691924851388
2492.0,0.00011956149898469448,0.00019718526164069772
2493.0,0.00010999363282462582,0.00019395806884858757
2494.0,0.00010920619097305461,0.0002145215548807755
2495.0,0.00010275832470506429,0.00019290058116894215
2496.0,0.0001041027249302715,0.0002100952697219327
2497.0,0.00011218006385024637,0.00020709507225546986
2498.0,0.00011428667115978897,0.00021109476801939309
2499.0,0.00011283358844229952,0.0002052028721664101
2500.0,0.0001224186448380351,0.00020011320884805173
