epoch,training_mse,validation_mse
1.0,0.13473461556434632,0.11315709352493286
2.0,0.11097858011722565,0.08777660876512527
3.0,0.08311005753278733,0.06203272193670273
4.0,0.05978830596804619,0.05150600150227547
5.0,0.05088302356004715,0.046272508800029755
6.0,0.043678341180086136,0.03884124755859375
7.0,0.038239321351051334,0.0362403504550457
8.0,0.03625192514061928,0.034703053534030914
9.0,0.034578371733427045,0.0336151123046875
10.0,0.03326538270711899,0.03264113888144493
11.0,0.03177908766269684,0.03139815106987953
12.0,0.030641049429774286,0.03061327524483204
13.0,0.02972415529191494,0.02988096885383129
14.0,0.02890919981896877,0.02938571199774742
15.0,0.02834288461506367,0.02898436225950718
16.0,0.0278822301030159,0.028707480058073997
17.0,0.027519795686006546,0.028452107682824135
18.0,0.027247713536024093,0.028233768418431282
19.0,0.0269750088006258,0.027992479503154755
20.0,0.02673826664686203,0.027735941112041473
21.0,0.02649638457596302,0.02746773697435856
22.0,0.02624446280300617,0.02721399813890457
23.0,0.02598367804288864,0.02693217620253563
24.0,0.025702412098646165,0.026644298806786537
25.0,0.02545779973268509,0.02633094973862171
26.0,0.025203952819108963,0.026028847321867943
27.0,0.02480774722993374,0.025664642453193665
28.0,0.02446168623864651,0.02533864416182041
29.0,0.024116401076316834,0.024922139942646027
30.0,0.023668536797165872,0.024555392563343048
31.0,0.02327962866425514,0.024101562798023224
32.0,0.022862773045897483,0.023662200197577477
33.0,0.02239725761115551,0.02324036695063114
34.0,0.021885542914271354,0.022723665460944176
35.0,0.021356106653809548,0.022261925041675568
36.0,0.020885180249810217,0.02175181359052658
37.0,0.02035141485929489,0.021286526694893837
38.0,0.019834629327058793,0.020867889747023582
39.0,0.01935826064646244,0.020463300868868828
40.0,0.018936800509691237,0.020023569464683533
41.0,0.01848884293437004,0.019573640078306198
42.0,0.018107078298926355,0.019170749932527542
43.0,0.0177071503251791,0.01888771541416645
44.0,0.01733571018278599,0.01840619370341301
45.0,0.016995457291603087,0.018071569502353668
46.0,0.016618978932499886,0.017698515206575394
47.0,0.01627833543717861,0.017339877784252167
48.0,0.015887489505112172,0.017036601901054382
49.0,0.01555581220984459,0.016657797619700432
50.0,0.015248591952025891,0.01632971502840519
51.0,0.014947239518165588,0.01587175391614437
52.0,0.014541418589651585,0.0156716275960207
53.0,0.014284325167536735,0.015335517935454845
54.0,0.013954341135919094,0.014939859509468079
55.0,0.013694969460368156,0.014659060165286064
56.0,0.013420442879199981,0.014493710361421108
57.0,0.013147176906466483,0.014101956970989704
58.0,0.012954541079699993,0.013857734389603138
59.0,0.012805365070700646,0.013745459727942944
60.0,0.012570513963699341,0.013427261263132095
61.0,0.012323262445628643,0.013376868329942226
62.0,0.01219929514080286,0.013091804459691048
63.0,0.012079352013766765,0.013141372241079807
64.0,0.011899842068552971,0.012857959605753422
65.0,0.011810739040374756,0.012777547352015972
66.0,0.011607170827686787,0.012637384235858917
67.0,0.011474392920732499,0.012485229410231113
68.0,0.011323303803801537,0.012370702810585499
69.0,0.01126879495382309,0.012491712346673012
70.0,0.011287286564707757,0.01215641014277935
71.0,0.011116787247359752,0.012011265382170677
72.0,0.010914174534380436,0.011981227435171604
73.0,0.010830820463597774,0.011886192485690117
74.0,0.010714055724442005,0.011778625659644604
75.0,0.010640589639544487,0.011675205081701279
76.0,0.01051051464676857,0.011630414053797722
77.0,0.010422812469303608,0.011496651917696
78.0,0.010324902676045895,0.011471139267086983
79.0,0.010256392061710357,0.011275708675384521
80.0,0.010128610424697398,0.01120120007544756
81.0,0.010016387991607189,0.011157955974340439
82.0,0.009907777510583402,0.01101837307214737
83.0,0.009837493769824505,0.011136116459965706
84.0,0.009853602923452854,0.010870838537812233
85.0,0.009591131448745727,0.010787494480609894
86.0,0.009521529443562032,0.01063066627830267
87.0,0.009441070705652237,0.010558072477579117
88.0,0.009312989093363285,0.01040349155664444
89.0,0.009165163613855838,0.010347063653171062
90.0,0.009070349760353565,0.01023378036916256
91.0,0.008987732738256454,0.010137107223272324
92.0,0.008848670668900013,0.010001675225794315
93.0,0.00873879949003458,0.009976206347346306
94.0,0.008645932994782925,0.009798910468816757
95.0,0.00856288743764162,0.009709522128105164
96.0,0.008429899103939533,0.009586038999259472
97.0,0.008340307787060738,0.009544509463012218
98.0,0.00826380630582571,0.009343533776700497
99.0,0.008113887786865235,0.00930150505155325
100.0,0.008015149101614952,0.009180162101984024
101.0,0.007935653120279312,0.009090261533856392
102.0,0.007804873585700989,0.00894517544656992
103.0,0.007714344259351492,0.008862989023327827
104.0,0.007639748893678188,0.008763473480939865
105.0,0.007525493808090687,0.008636466227471828
106.0,0.007444284554570913,0.008566642180085182
107.0,0.007358258400112391,0.008453307673335075
108.0,0.007262989763170481,0.008342355489730835
109.0,0.007187250822782517,0.008277385495603085
110.0,0.007104116525501013,0.008158938959240913
111.0,0.007020831871777773,0.008095025084912777
112.0,0.006963754788041115,0.008044280111789703
113.0,0.006877726528793573,0.00788776483386755
114.0,0.0068184156380593774,0.007881985045969486
115.0,0.00673047574236989,0.007733479607850313
116.0,0.006658097755163908,0.0077418116852641106
117.0,0.006637114226818085,0.007696439512073994
118.0,0.006603223100304603,0.00768346106633544
119.0,0.006462083779275417,0.007492409087717533
120.0,0.006412095125764608,0.0075008985586464405
121.0,0.006349196638911963,0.007387543562799692
122.0,0.006291797075420618,0.007327310740947723
123.0,0.0062175503820180895,0.007227775640785694
124.0,0.006162751484662294,0.007217608392238617
125.0,0.006107380229979754,0.0071207513101398945
126.0,0.00604813702404499,0.00706157460808754
127.0,0.0059837446250021456,0.007035699672996998
128.0,0.0059253725707530975,0.00696213822811842
129.0,0.0058699134439229965,0.006898980122059584
130.0,0.005794843435287475,0.00688759982585907
131.0,0.005778405070304871,0.00680716335773468
132.0,0.0057121565677225586,0.006760688032954931
133.0,0.005653220612555742,0.006681804545223713
134.0,0.005609059657901525,0.00668196240440011
135.0,0.005539390772581101,0.006576848682016134
136.0,0.005485954236239195,0.0065439906902611256
137.0,0.005429817240685224,0.006498286034911871
138.0,0.005392134539783001,0.006425327155739069
139.0,0.005352024491876364,0.006426475942134857
140.0,0.005301448006182909,0.006334718316793442
141.0,0.005225605688989162,0.006295445840805769
142.0,0.005181523110717535,0.006215346045792103
143.0,0.0051064234636724,0.0061714304611086845
144.0,0.005078434444963932,0.006114408373832703
145.0,0.0050372396148741245,0.006090386305004358
146.0,0.004994539793580771,0.006049082148820162
147.0,0.0049313602074980735,0.005988562013953924
148.0,0.0049072600640356545,0.005935298278927803
149.0,0.00486561618745327,0.005894758272916079
150.0,0.004799882758408785,0.005909295752644539
151.0,0.004762565158307553,0.005748454947024584
152.0,0.004694423578679561,0.005704417359083891
153.0,0.004656085945665836,0.005682602059096098
154.0,0.004578550253063441,0.00561287347227335
155.0,0.004532400421798229,0.005601983983069658
156.0,0.004498104643076658,0.0055117071606218815
157.0,0.004453012309968471,0.005488839466124773
158.0,0.004394325967878103,0.005414645653218031
159.0,0.004352156821638345,0.005427010357379913
160.0,0.004291466049849987,0.00530138099566102
161.0,0.0042856459058821204,0.005293674301356077
162.0,0.004201816078275442,0.005232284776866436
163.0,0.004150218032300472,0.005151623860001564
164.0,0.004103014443069697,0.005234370008111
165.0,0.0040492134056985376,0.005119918379932642
166.0,0.004026737287640572,0.005037928931415081
167.0,0.003985361911356449,0.004975007381290197
168.0,0.003932012788951397,0.005032146815210581
169.0,0.003913297366350889,0.004947335459291935
170.0,0.003832549508661032,0.004791198298335075
171.0,0.0037923078816384076,0.004908982664346695
172.0,0.003764405148103833,0.00479829590767622
173.0,0.0037268044296652077,0.0046971580013632774
174.0,0.0036716953609138726,0.004720261320471764
175.0,0.003588918149471283,0.004626746755093336
176.0,0.0035795504935085772,0.0045365323312580585
177.0,0.0035038705579936505,0.004592671524733305
178.0,0.0035137777216732503,0.004504038952291012
179.0,0.003452326472848654,0.004498014692217112
180.0,0.003445956528186798,0.004467973485589027
181.0,0.0034355203658342362,0.00441827392205596
182.0,0.003348700450733304,0.004357540048658848
183.0,0.0032897171154618265,0.0043302495032548904
184.0,0.003237552173435688,0.004278196953237057
185.0,0.0032153419498354196,0.0042558456771075726
186.0,0.0031751705445349217,0.004207467660307884
187.0,0.003139029771089554,0.004182304255664349
188.0,0.003119824504479766,0.004125560168176889
189.0,0.0030952945053577424,0.004094181582331657
190.0,0.0030994694754481315,0.0041105845011770725
191.0,0.0030871301330626013,0.004046957939863205
192.0,0.0030224007181823254,0.004021110944449902
193.0,0.002999287819489837,0.004086444620043039
194.0,0.0029895586576312782,0.003971823491156101
195.0,0.002967539547011256,0.004071460105478764
196.0,0.0029390324410051107,0.003953136038035154
197.0,0.0029044851679354907,0.003883166704326868
198.0,0.002879280876368284,0.003909504972398281
199.0,0.0028510847724974157,0.003917435649782419
200.0,0.0028346721958369017,0.003856883617118001
201.0,0.002800828905776143,0.003767850808799267
202.0,0.0027267019264400004,0.003728096606209874
203.0,0.0027484515327960255,0.00369058595970273
204.0,0.00267805696465075,0.0036658188328146935
205.0,0.0026476938165724277,0.003688113996759057
206.0,0.0026171729303896426,0.0036270145792514086
207.0,0.002581972135230899,0.003584753256291151
208.0,0.0025696972496807575,0.003600567812100053
209.0,0.0025375526864081623,0.0035433799494057894
210.0,0.00253799694031477,0.00351738347671926
211.0,0.0025384035259485246,0.003613358596339822
212.0,0.00251725790835917,0.003509814850986004
213.0,0.0024898257683962583,0.003478497499600053
214.0,0.002475849660113454,0.0034862500615417957
215.0,0.0024501837585121393,0.003472889307886362
216.0,0.00241204640455544,0.0034061491023749113
217.0,0.0024269713275134564,0.003430306678637862
218.0,0.002393493531271815,0.0034340466372668743
219.0,0.0023709913510829212,0.003356626257300377
220.0,0.0023480169828981163,0.0033924332819879055
221.0,0.002349589679390192,0.0033093884121626616
222.0,0.0023136233687400818,0.0033465668093413115
223.0,0.0023033579178154467,0.0033126173075288534
224.0,0.002263726269826293,0.003254757495597005
225.0,0.0022366454508155583,0.0033307159319519997
226.0,0.002258329514414072,0.0032954392954707146
227.0,0.0022273377366364,0.003224452957510948
228.0,0.002205583633854985,0.003191671334207058
229.0,0.002179637622088194,0.003203289583325386
230.0,0.002157473109662533,0.003219540463760495
231.0,0.0021609719526022673,0.0031289367470890284
232.0,0.0021325284224003554,0.0031876813154667616
233.0,0.002140873560681939,0.0031194770708680153
234.0,0.0021069245915859938,0.003092560451477766
235.0,0.0020942662563174963,0.003162688110023737
236.0,0.0021072566378861667,0.003097556997090578
237.0,0.002091016173362732,0.0030488420743495226
238.0,0.0020712300781160595,0.003104181494563818
239.0,0.002058565016835928,0.0030406152363866568
240.0,0.00201928673312068,0.0030612247064709663
241.0,0.002025256682187319,0.0030729356221854687
242.0,0.002013246268965304,0.0030566402710974216
243.0,0.0020108029413968324,0.00297784642316401
244.0,0.0019979852586984636,0.003005774924531579
245.0,0.0019780595619231464,0.002971676643937826
246.0,0.0019632689747959373,0.0029424531385302544
247.0,0.001952330290339887,0.002977748867124319
248.0,0.00198020919598639,0.0029878905043005943
249.0,0.0019492834443226457,0.002951954258605838
250.0,0.0019361326191574336,0.0029155518859624863
251.0,0.0019206437105312943,0.002911960007622838
252.0,0.001917587204836309,0.002969896886497736
253.0,0.00190756397228688,0.002887498354539275
254.0,0.0018724650507792831,0.002858006628230214
255.0,0.0018664912758395076,0.00283063855022192
256.0,0.0018493211194872856,0.0028889761306345463
257.0,0.0018437788113951684,0.0028288904577493668
258.0,0.0018430752828717232,0.002867874689400196
259.0,0.00181781648658216,0.002846064977347851
260.0,0.0018418763084337116,0.0028127445839345455
261.0,0.0018130242684856058,0.002798281144350767
262.0,0.0017940713725984098,0.002840157365426421
263.0,0.0017947695255279541,0.0028072812128812075
264.0,0.0018101921295747162,0.002768989885225892
265.0,0.001753245772793889,0.0027306193951517344
266.0,0.001745136583223939,0.0027473843656480312
267.0,0.0017306199995800852,0.0026965965516865253
268.0,0.0017352301254868507,0.002705747028812766
269.0,0.0017228622436523437,0.0027595139108598232
270.0,0.0017091504549607635,0.0027293108869343996
271.0,0.0017164688156917692,0.0027142781764268875
272.0,0.001748421398922801,0.0027024622540920973
273.0,0.0016942446995526553,0.0027147894725203514
274.0,0.0016936205606907606,0.0026782883796840906
275.0,0.0016762062963098289,0.0027514700777828693
276.0,0.0016855743462219834,0.0026803507935255766
277.0,0.001659920503385365,0.002664006780833006
278.0,0.0016659775041043758,0.0026490071322768927
279.0,0.0016700556725263596,0.002664394909515977
280.0,0.0016552344877272843,0.0026709544472396374
281.0,0.0016318851131945848,0.0026156799867749214
282.0,0.001602995678782463,0.0025769113563001156
283.0,0.001590370993129909,0.002601583255454898
284.0,0.0015950145591050386,0.0025798440910875797
285.0,0.0015941078811883926,0.0026256588753312826
286.0,0.0016096428213641047,0.0026166257448494434
287.0,0.0015794825600460173,0.002539679640904069
288.0,0.0015775555884465576,0.0025307133328169584
289.0,0.0015541762616485357,0.0025430431123822927
290.0,0.001546753991395235,0.0025532408617436886
291.0,0.0015522981602698565,0.0025855517014861107
292.0,0.0015859929248690605,0.0025267426390200853
293.0,0.0015817428650334478,0.0026082585100084543
294.0,0.0015781161803752183,0.002529204823076725
295.0,0.0015464342264458538,0.002519197529181838
296.0,0.0015264665847644209,0.0025216322392225266
297.0,0.0015246869260445238,0.002509946469217539
298.0,0.0015294682374224066,0.0025603389367461205
299.0,0.001530267870053649,0.002457740716636181
300.0,0.0015406713737174868,0.002546709030866623
301.0,0.001504422465339303,0.002481406554579735
302.0,0.0014710001796483993,0.0024440428242087364
303.0,0.0014611661387607456,0.002514712745323777
304.0,0.001466673410497606,0.0024810328613966703
305.0,0.0014404505332931876,0.002405292121693492
306.0,0.001448588621802628,0.0024722390808165073
307.0,0.0014490297939628363,0.0024270410649478436
308.0,0.001456482009962201,0.0024302618112415075
309.0,0.0014297976810485125,0.002400575904175639
310.0,0.0014294607629999519,0.0025226122234016657
311.0,0.0014547658693045379,0.0024187511298805475
312.0,0.0014348661424592138,0.0023915357887744904
313.0,0.0014603660544380546,0.002414692658931017
314.0,0.0014208446331322193,0.0024109622463583946
315.0,0.0014022824922576547,0.0024234429001808167
316.0,0.0014145637694746255,0.002408101223409176
317.0,0.0014533295007422566,0.0024401755072176456
318.0,0.0014164721285924316,0.0024092511739581823
319.0,0.0013823028421029449,0.002386681968346238
320.0,0.0013893440933898092,0.0023692583199590445
321.0,0.0013730499567463994,0.0023614175152033567
322.0,0.0013441655496135355,0.0022986936382949352
323.0,0.0013386178752407432,0.0023370792623609304
324.0,0.0013441070467233658,0.002361098537221551
325.0,0.0013348996862769128,0.0023105298168957233
326.0,0.001318055948242545,0.0022930530831217766
327.0,0.001307003646157682,0.002271792618557811
328.0,0.001307500715367496,0.0022975835017859936
329.0,0.0012978851404041052,0.0023047400172799826
330.0,0.0012946502603590488,0.0022966142278164625
331.0,0.00129197000246495,0.0022559594362974167
332.0,0.0012770118257030845,0.0023146760649979115
333.0,0.0012922625485807656,0.002239867812022567
334.0,0.001279476593248546,0.002220474649220705
335.0,0.0012470297962427139,0.0022751945070922375
336.0,0.00124826845433563,0.0022420811001211405
337.0,0.001252425452694297,0.002192780375480652
338.0,0.0012439384777098894,0.0022286539897322655
339.0,0.0012418441446498036,0.0022217773366719484
340.0,0.0012528762202709913,0.0022642507683485746
341.0,0.0012782805738970637,0.0022756019607186317
342.0,0.0012604334652423859,0.0022300779819488525
343.0,0.0012331883832812308,0.002233814913779497
344.0,0.00120701614767313,0.002151944674551487
345.0,0.001199236612766981,0.0021698935888707638
346.0,0.0011967380391433836,0.0021838906686753035
347.0,0.001192883430980146,0.002177974907681346
348.0,0.0011961414525285363,0.0021554934792220592
349.0,0.0011904044821858407,0.0021910781506448984
350.0,0.0011781320152804255,0.00222541275434196
351.0,0.0011887237122282387,0.0021995115093886852
352.0,0.0011807790407910943,0.0021597901359200478
353.0,0.001205439293757081,0.0021610234398394823
354.0,0.0012104043476283551,0.0021914709359407425
355.0,0.0011575473975390196,0.00214192527346313
356.0,0.0011657661842182278,0.0021576855797320604
357.0,0.0011413190606981516,0.002109733410179615
358.0,0.00113823021389544,0.0021107199136167765
359.0,0.001127802386879921,0.0021114107221364975
360.0,0.0011141797918826342,0.0020838011987507343
361.0,0.0010812080381438136,0.0020590091589838266
362.0,0.0010884529249742627,0.002047106856480241
363.0,0.0010774225713685154,0.0020475059282034636
364.0,0.0010704512381926178,0.002052202820777893
365.0,0.0010766704445704818,0.002036728896200657
366.0,0.0010716378800570965,0.0020797920878976583
367.0,0.0010777504043653608,0.0020805064123123884
368.0,0.0010744790611788631,0.002037478843703866
369.0,0.0010794415129348636,0.0020168356131762266
370.0,0.001069573290646076,0.0020251444075256586
371.0,0.0010479672173969448,0.0020769566763192415
372.0,0.001064431662671268,0.0020839485805481672
373.0,0.0010644577462226152,0.0020433871541172266
374.0,0.0010657881563529371,0.0020177876576781273
375.0,0.0010494590336456895,0.0020451026502996683
376.0,0.0010568473096936942,0.001995972590520978
377.0,0.0010268103405833245,0.001988230040296912
378.0,0.0010313911265693605,0.0020098283421248198
379.0,0.0010277198823168874,0.002012872137129307
380.0,0.0010409963810816406,0.002032337011769414
381.0,0.0010482967384159564,0.0020230624359101057
382.0,0.0010462762340903281,0.001976663013920188
383.0,0.001037356959655881,0.0019864982459694147
384.0,0.0010233054738491773,0.001932684681378305
385.0,0.001006009134463966,0.0019882104825228453
386.0,0.0009953711805865168,0.001956505933776498
387.0,0.0009889743579551578,0.0019427890656515956
388.0,0.0009973556194454432,0.001924225827679038
389.0,0.0009960868218913674,0.0019293015357106924
390.0,0.0009837296484038233,0.0019535499159246683
391.0,0.0009861688208766281,0.001963608432561159
392.0,0.000969424950890243,0.0019349975045770407
393.0,0.0009789502588100731,0.0019489070400595665
394.0,0.0009887527106329798,0.0018941003363579512
395.0,0.0009488524505868554,0.0019267911557108164
396.0,0.0009593392694368959,0.001913547981530428
397.0,0.0009621405433863402,0.0018953016260638833
398.0,0.00095660834107548,0.00190772395581007
399.0,0.000942537423223257,0.001968945609405637
400.0,0.0009566563703119755,0.0019103691447526217
401.0,0.0009370122565887869,0.0019009868847206235
402.0,0.0009429525178857147,0.001940992078743875
403.0,0.0009350234689190984,0.001901931711472571
404.0,0.0009478315999731421,0.001885625533759594
405.0,0.0009686420783400535,0.001908066333271563
406.0,0.0009861980797722936,0.0019104121020063758
407.0,0.0009601127970963716,0.0019412182737141848
408.0,0.0009558047601021827,0.00196096021682024
409.0,0.0009620700469240546,0.001930113066919148
410.0,0.0009357611685991287,0.0018666981486603618
411.0,0.0009214644092135131,0.001849446794949472
412.0,0.0009269825732335449,0.0018416132079437375
413.0,0.0009287116634659469,0.0018752196338027716
414.0,0.0009023902090266347,0.0018767246510833502
415.0,0.0009319769507274032,0.00186640745960176
416.0,0.0008991739391349256,0.001823974191211164
417.0,0.0009045068784616887,0.001853015273809433
418.0,0.0009073896952904761,0.0018738205544650555
419.0,0.0009179283604025841,0.001910478575155139
420.0,0.0009279836555942893,0.0018089056247845292
421.0,0.0009162731356918811,0.0018104102928191423
422.0,0.0009146802900359035,0.001787123386748135
423.0,0.0008680481133051216,0.0018246927065774798
424.0,0.0008880551084876061,0.0018441884312778711
425.0,0.0008816566718742252,0.001820698962546885
426.0,0.0008602384882979095,0.0018011101055890322
427.0,0.0008624965529888868,0.0017805065726861358
428.0,0.0008602469190955162,0.001758864615112543
429.0,0.0008588145822286606,0.001821804093196988
430.0,0.0008791728098876774,0.0017891272436827421
431.0,0.0008692696476355195,0.0018496977863833308
432.0,0.0008799202740192413,0.0017665341729298234
433.0,0.0008666108557954431,0.0017907627625390887
434.0,0.0008593844533897936,0.0017926896689459682
435.0,0.0008473850158043206,0.0017690396634861827
436.0,0.0008531862236559391,0.0017364684026688337
437.0,0.0008612529062665999,0.0018360106041654944
438.0,0.0008426795252598822,0.0017864290857687593
439.0,0.0008401701068505645,0.0017194671090692282
440.0,0.0008347853003069758,0.001749034388922155
441.0,0.0008440013374201953,0.0017380526987835765
442.0,0.000852775149513036,0.00172413547988981
443.0,0.0008462676303461194,0.0017884069820865989
444.0,0.0008382342369295657,0.0017367667751386762
445.0,0.0008106354749761521,0.001719596330076456
446.0,0.000809492667671293,0.0017184597672894597
447.0,0.0008074803529307246,0.0017125835875049233
448.0,0.0008245957512408495,0.0017181644216179848
449.0,0.0008346913559362292,0.001752006122842431
450.0,0.0008413828751072288,0.0016882822383195162
451.0,0.0008188350992277265,0.0017738312017172575
452.0,0.0008182118264958262,0.0017252643592655659
453.0,0.0008057119632139802,0.001709426287561655
454.0,0.0008022280903533101,0.001691481564193964
455.0,0.0007937698969617486,0.00168512889649719
456.0,0.0007931017600931227,0.001708520227111876
457.0,0.0007988764746114611,0.0016770208021625876
458.0,0.0007997587556019426,0.0016903281211853027
459.0,0.0007847835458815098,0.0016618501394987106
460.0,0.0007873659618198871,0.001678258995525539
461.0,0.0007898008632473648,0.0016673405189067125
462.0,0.0007919423817656934,0.0016522511141374707
463.0,0.000786181207280606,0.0017016588244587183
464.0,0.0007835106588900089,0.001709607196971774
465.0,0.0007773044840432703,0.0016489578410983086
466.0,0.0007723990576341748,0.0016971923178061843
467.0,0.0007973970347084106,0.0016535533359274268
468.0,0.0007990663391537965,0.0016637907829135656
469.0,0.0007847033017314971,0.0016366152558475733
470.0,0.0007799848383292556,0.0017715415451675653
471.0,0.0008209574813954532,0.001782023347914219
472.0,0.0008371409196406603,0.0016719618579372764
473.0,0.0008030387405306101,0.0016483948566019535
474.0,0.0007870793677866459,0.001678354456089437
475.0,0.0008188953739590943,0.0017009240109473467
476.0,0.0007903428096324205,0.0016912884311750531
477.0,0.0007673016488552093,0.0016898222966119647
478.0,0.0007810686537995935,0.0016534922178834677
479.0,0.0007720679310150444,0.001634749467484653
480.0,0.0007572340979240835,0.0016222752165049314
481.0,0.0007659351443871856,0.0015992189291864634
482.0,0.0007466964083723724,0.0016190046444535255
483.0,0.0007575223497115075,0.00168587826192379
484.0,0.0007694860594347119,0.0016939948545768857
485.0,0.0007728894171305001,0.0016168035799637437
486.0,0.0007503088847734034,0.0016519308555871248
487.0,0.0007461777217686176,0.001600071438588202
488.0,0.0007341993534937501,0.0016018031165003777
489.0,0.0007348967548459768,0.0016141057712957263
490.0,0.0007209830023348332,0.001603972283191979
491.0,0.0007259691404178739,0.0015858608530834317
492.0,0.0007368729962036013,0.0016243875725194812
493.0,0.0007536455299705267,0.0016336170956492424
494.0,0.000730496761854738,0.0016304136952385306
495.0,0.0007324089249595999,0.0015704395482316613
496.0,0.0007093851384706796,0.0015745044220238924
497.0,0.0007180410134606063,0.0015714428154751658
498.0,0.0007138988263905049,0.0015928475186228752
499.0,0.0007092743483372032,0.0015668380074203014
500.0,0.0007045747437514364,0.0015767187578603625
501.0,0.0006913103116676212,0.0015560485189780593
502.0,0.0006933885142207146,0.00158464047126472
503.0,0.0007017838829196989,0.0015802087727934122
504.0,0.0007063877684995532,0.001623215852305293
505.0,0.0007119046514853835,0.001584475627169013
506.0,0.0007140599046833813,0.0015635822201147676
507.0,0.0007260365006513894,0.0015514673432335258
508.0,0.0007124364920891821,0.0015594164142385125
509.0,0.0007150956932455301,0.0015479021240025759
510.0,0.0007048538345843554,0.0015541734173893929
511.0,0.0007192748356610537,0.0015751136234030128
512.0,0.0007295535849407316,0.0015806646551936865
513.0,0.0007087276554666459,0.0016218373784795403
514.0,0.0007064188071526587,0.0015527385985478759
515.0,0.0006989680044353009,0.0015411170898005366
516.0,0.0006962198098190128,0.0015530232340097427
517.0,0.0006832829741761088,0.001523451297543943
518.0,0.0006742854709737003,0.0015197383472695947
519.0,0.0006788503993302584,0.0015350767644122243
520.0,0.0006695503615774214,0.0015538526931777596
521.0,0.0006833039433695376,0.001591252163052559
522.0,0.0006884169373661279,0.001545569277368486
523.0,0.000684022294357419,0.001539696240797639
524.0,0.0007067406680434942,0.00157108751591295
525.0,0.0006995264762081206,0.0015455381944775581
526.0,0.0006771222739480436,0.0015270918374881148
527.0,0.0006767480885609984,0.0015164932701736689
528.0,0.0006664221966639161,0.001515007927082479
529.0,0.0006608369420282543,0.0015065674670040607
530.0,0.0006636290098540485,0.001565630896948278
531.0,0.0006613241853192449,0.0015219575725495815
532.0,0.0006663914737291634,0.0015052821254357696
533.0,0.0006533325822092593,0.0014998206170275807
534.0,0.0006572357178665697,0.0015057014534249902
535.0,0.0006716419467702508,0.0015189573168754578
536.0,0.0006528779133222997,0.0015247813425958157
537.0,0.0006559771760366857,0.0015135941794142127
538.0,0.0006618126067332923,0.0014792279107496142
539.0,0.0006618386977352202,0.001525073661468923
540.0,0.0006810523024760186,0.0014878149377182126
541.0,0.000658581237308681,0.0015204474329948425
542.0,0.0006612478736788035,0.0014777728356420994
543.0,0.0006523615322075784,0.0015180575428530574
544.0,0.0006845869170501828,0.0014913285849615932
545.0,0.0006880786912515759,0.0016306416364386678
546.0,0.0007065357412211596,0.0016483814688399434
547.0,0.0007221085024066269,0.0014997217804193497
548.0,0.0006773725189268589,0.0014985351590439677
549.0,0.0006611376334913075,0.0014737686142325401
550.0,0.0006669488875195384,0.0015092430403456092
551.0,0.000667390757240355,0.0014722096966579556
552.0,0.0006647916715592146,0.0015379887772724032
553.0,0.0006842817226424814,0.0015774513594806194
554.0,0.000679764015134424,0.0015383893623948097
555.0,0.000666533334646374,0.0014918171800673008
556.0,0.0006612403327599167,0.001475713332183659
557.0,0.0006485655074939131,0.0014796985778957605
558.0,0.0006680679633282125,0.00150967831723392
559.0,0.0006590907643549144,0.001491266768425703
560.0,0.0006543262004852295,0.0015321376267820597
561.0,0.0006500610318034887,0.0015114662237465382
562.0,0.000651022476144135,0.0014740542974323034
563.0,0.0006296473452821374,0.0014599652495235205
564.0,0.0006312500168569386,0.0014713505515828729
565.0,0.0006295535159297288,0.0014491889160126448
566.0,0.0006216177009046078,0.0014471111353486776
567.0,0.000631102888379246,0.0014768645633012056
568.0,0.0006254375828430057,0.0014368609990924597
569.0,0.0006190361734479666,0.0014571043429896235
570.0,0.0006235417909920216,0.0014829832362011075
571.0,0.0006216515460982919,0.0014686767244711518
572.0,0.0006257175165228546,0.0014525653095915914
573.0,0.0006265217931941152,0.0014486565487459302
574.0,0.0006047459319233894,0.001443576067686081
575.0,0.0006080036363564432,0.0014229572843760252
576.0,0.0006147740487940609,0.0014345922973006964
577.0,0.0006083633149974048,0.001492630923166871
578.0,0.0006238257111981511,0.001479855622164905
579.0,0.0006139149656519294,0.0014488273300230503
580.0,0.0006024470631964504,0.001425994443707168
581.0,0.0006111586485058069,0.0014543235301971436
582.0,0.0006162647628225386,0.0014429651200771332
583.0,0.0006112993508577347,0.0014576992252841592
584.0,0.0006207957649603486,0.0014436299679800868
585.0,0.0006183472224511207,0.0014796130126342177
586.0,0.0006284988159313798,0.0015081035671755672
587.0,0.0006300050672143698,0.0014664476038888097
588.0,0.0006233413717709481,0.0014184628380462527
589.0,0.0006340425917878747,0.0014627345371991396
590.0,0.0006361895496957004,0.0014370792778208852
591.0,0.0006299299672245979,0.0014547590399160981
592.0,0.0006182615254074335,0.0014264743076637387
593.0,0.0006078711897134781,0.0014388897689059377
594.0,0.0006024999269284308,0.0014472155598923564
595.0,0.0006068496811203659,0.0014048125594854355
596.0,0.0006021437598392367,0.0014140801504254341
597.0,0.0006222653267905116,0.0014485690044239163
598.0,0.0006170057444833219,0.0014029578305780888
599.0,0.0006080715572461486,0.0014617349952459335
600.0,0.0006283158650621772,0.0014674911508336663
601.0,0.0006165344668552279,0.0014503460843116045
602.0,0.0006045631947927177,0.0014565507881343365
603.0,0.0006018714183010161,0.0014354303712025285
604.0,0.0005833121798932552,0.001417950144968927
605.0,0.0005901293894276023,0.001429866999387741
606.0,0.0005998157518915832,0.001429312746040523
607.0,0.000601743372157216,0.0014459143858402967
608.0,0.0006101080891676247,0.0014242620673030615
609.0,0.0006008224817924202,0.0014278419548645616
610.0,0.0006023802189156413,0.0014129270566627383
611.0,0.0005966640640981495,0.0014716768637299538
612.0,0.0006026267325505614,0.0013881581835448742
613.0,0.0005902547808364034,0.0013929260894656181
614.0,0.0005867002187296748,0.001411032979376614
615.0,0.0005928870807401836,0.0014272158732637763
616.0,0.0005867709256708622,0.0014354322338476777
617.0,0.0005927258827723563,0.0014100612606853247
618.0,0.0005863757166080177,0.0014179114950820804
619.0,0.000600851590745151,0.001441800850443542
620.0,0.0006018492477014661,0.0014076906954869628
621.0,0.0005870051439851523,0.0014028322184458375
622.0,0.0005802068160846829,0.001410391996614635
623.0,0.0005743501367978752,0.0013891322305426002
624.0,0.0005753596420399844,0.0013702475698664784
625.0,0.0005788130266591907,0.0014418917708098888
626.0,0.000610116908326745,0.0014052065089344978
627.0,0.000592838850338012,0.0014291963307186961
628.0,0.000601447113789618,0.0013890293193981051
629.0,0.0005863570841029286,0.0013961540535092354
630.0,0.0005761752710677683,0.001388405216857791
631.0,0.0005703232111409307,0.001384669216349721
632.0,0.0005829386622644961,0.0013943940866738558
633.0,0.0005889974385499954,0.0013906472595408559
634.0,0.00058089269278571,0.0013646832667291164
635.0,0.0005638090698048472,0.0013845192734152079
636.0,0.0005616672071628272,0.0013743184972554445
637.0,0.000571866659913212,0.0013861412880942225
638.0,0.0005641445675864815,0.0013924577506259084
639.0,0.0005518137663602829,0.0013697040267288685
640.0,0.0005851451535709202,0.0013865625951439142
641.0,0.0005720784300938249,0.0013760329456999898
642.0,0.0005650105243548751,0.001377568580210209
643.0,0.0005569851449690759,0.001369302743114531
644.0,0.0005653376351110637,0.001368602504953742
645.0,0.0005589013835415244,0.0013580132508650422
646.0,0.0005642594154924154,0.0013724974123761058
647.0,0.0005697267018258572,0.0013746155891567469
648.0,0.0005781737398356199,0.0014003913383930922
649.0,0.0005898543763905764,0.0014153870288282633
650.0,0.0005846922765485942,0.001336048124358058
651.0,0.0005787440328858793,0.0013792832614853978
652.0,0.000594616379123181,0.0014399955980479717
653.0,0.0005870172209106385,0.001397226471453905
654.0,0.0005788366994820535,0.0013793628895655274
655.0,0.0005881630787625909,0.001363521907478571
656.0,0.0005695772487670183,0.0014156358083710074
657.0,0.0005730161564424633,0.0013698645634576678
658.0,0.0005517707611434161,0.0013647692976519465
659.0,0.0005550079913809895,0.0013763715978711843
660.0,0.0005522424383088946,0.0013503192458301783
661.0,0.0005444695549085736,0.0013447278179228306
662.0,0.0005480452291667462,0.001380119938403368
663.0,0.0005455319443717599,0.0013617633376270533
664.0,0.0005449456726200879,0.0013457422610372305
665.0,0.0005556571674533189,0.0013396848225966096
666.0,0.0005384096167981625,0.0013978728093206882
667.0,0.0005558084389194846,0.0013515762984752655
668.0,0.0005520586865022779,0.0013851815601810813
669.0,0.0005469905524514616,0.0013842331245541573
670.0,0.0005465724412351846,0.0013431085972115397
671.0,0.0005337144257500768,0.0013716495595872402
672.0,0.0005361192869022489,0.0013716589892283082
673.0,0.0005316405901685357,0.0013406473444774747
674.0,0.0005306120156310499,0.0013505341485142708
675.0,0.0005348306032828987,0.0013534834142774343
676.0,0.0005490069328807295,0.001396224950440228
677.0,0.0005713950097560882,0.0013985238038003445
678.0,0.0005682003409601748,0.0013635063078254461
679.0,0.0005484548220410944,0.0013460066402330995
680.0,0.0005577966528944672,0.0013794101541861892
681.0,0.0005505153625272215,0.0013360553421080112
682.0,0.0005435095247812569,0.001380518893711269
683.0,0.000550909808371216,0.001352508319541812
684.0,0.000543464807793498,0.0013570277951657772
685.0,0.0005566806970164179,0.0013125946279615164
686.0,0.0005434257467277348,0.0013308041961863637
687.0,0.0005344301245640964,0.0013022123603150249
688.0,0.0005304403197951615,0.0013266820460557938
689.0,0.0005294457236304879,0.0013591917231678963
690.0,0.0005322474776767194,0.0013576769270002842
691.0,0.0005437457640655339,0.0013395219575613737
692.0,0.000528618530370295,0.0013197448570281267
693.0,0.0005259176748804748,0.001340367365628481
694.0,0.0005338030215352774,0.0013282044092193246
695.0,0.0005327898040413856,0.001346372184343636
696.0,0.0005294189108535647,0.0013244316214695573
697.0,0.0005331147459801287,0.0013171922182664275
698.0,0.0005297502628527582,0.001326515804976225
699.0,0.0005292422552593052,0.001319777686148882
700.0,0.0005273362137377262,0.001344764488749206
701.0,0.0005218389951623976,0.0013050003908574581
702.0,0.0005154527518898248,0.0013285414315760136
703.0,0.0005163129051215946,0.0013273650547489524
704.0,0.0005244660540483892,0.0013168291188776493
705.0,0.0005095018092542887,0.0013229958713054657
706.0,0.0005212018513120711,0.0012886426411569118
707.0,0.0005073778363876045,0.001322367461398244
708.0,0.0005142219280824065,0.0013130503939464688
709.0,0.0005173594357911497,0.0013055558083578944
710.0,0.0005237826448865235,0.0013215875951573253
711.0,0.0005275890626944602,0.0013057799078524113
712.0,0.0005140545056201518,0.0012982272310182452
713.0,0.0005167762408964336,0.00129790510982275
714.0,0.0005069570657797158,0.0013120378134772182
715.0,0.0005140159190632403,0.0013073745649307966
716.0,0.0005216003218665719,0.0012833756627514958
717.0,0.0005077682451810688,0.0013277241960167885
718.0,0.0005145149221643805,0.001303923549130559
719.0,0.000513286583358422,0.0012865556636825204
720.0,0.0005199041655287146,0.0013028649846091866
721.0,0.0005270574390888214,0.0012949105584993958
722.0,0.0005085509624332189,0.0013166037388145924
723.0,0.0005027767803985625,0.0012810772750526667
724.0,0.0004969107699580491,0.0012832387583330274
725.0,0.0005042370667215437,0.0013049088884145021
726.0,0.0004982173307798803,0.0013362342724576592
727.0,0.0005214255824685097,0.0012879350688308477
728.0,0.0005103610469959676,0.0012984643690288067
729.0,0.0005192139837890864,0.0013057914329692721
730.0,0.0005177575591951609,0.0013055644230917096
731.0,0.000505372863728553,0.0013120839139446616
732.0,0.0005211000433191657,0.001305099343881011
733.0,0.0005252078734338284,0.0012914212420582771
734.0,0.000514014576561749,0.0012932533863931894
735.0,0.0005024597479496151,0.0013030354166403413
736.0,0.0005104468129575252,0.0013166575226932764
737.0,0.0005209265747107565,0.0013212477788329124
738.0,0.0005131702474318445,0.0013155336491763592
739.0,0.0005128307775594294,0.0012819090625271201
740.0,0.000506674708565697,0.001317154266871512
741.0,0.0005027702904772014,0.0013197242515161633
742.0,0.0005048907152377069,0.0013075785245746374
743.0,0.000519368865992874,0.001331091276369989
744.0,0.0005418081525713206,0.0013296330580487847
745.0,0.0005430773780681193,0.001343886717222631
746.0,0.0005346232638694346,0.0013314929092302918
747.0,0.00052277563046664,0.0012726428685709834
748.0,0.0005424789371900261,0.0013296835822984576
749.0,0.0005402964511886239,0.0012671829899773002
750.0,0.0005186007260344922,0.0013666464947164059
751.0,0.0005271594910882414,0.0013205737341195345
752.0,0.0005260249208658933,0.0013164496049284935
753.0,0.0005265442319214344,0.0013034670846536756
754.0,0.0005073174703866244,0.0013237218372523785
755.0,0.00050740449083969,0.0013241574633866549
756.0,0.0005043662250973284,0.0012780684046447277
757.0,0.0004902377747930586,0.0012728861765936017
758.0,0.0004867310249246657,0.001259098993614316
759.0,0.0004855882436968386,0.0012826168676838279
760.0,0.00047846672334708273,0.0012593396240845323
761.0,0.0004774201279506087,0.0012627756223082542
762.0,0.0004843246145173907,0.0012774186907336116
763.0,0.00048361678863875567,0.001267257728613913
764.0,0.0004875623481348157,0.0012643722584471107
765.0,0.0004779119237791747,0.0012679151259362698
766.0,0.00048228397546336055,0.0013099454808980227
767.0,0.0004850010140798986,0.0012915489496663213
768.0,0.0004900970761664211,0.0013088395353406668
769.0,0.00048667323612608014,0.0013096348848193884
770.0,0.0004917112486436963,0.001279100775718689
771.0,0.0004812726196832955,0.001301146112382412
772.0,0.0004825935692060739,0.0012693824246525764
773.0,0.00047880347631871703,0.001254609553143382
774.0,0.0004820036557503045,0.0012643714435398579
775.0,0.0004869052697904408,0.0012876655673608184
776.0,0.0004896616558544338,0.0012884658062830567
777.0,0.0004909879630431533,0.001258385949768126
778.0,0.0004946427405811846,0.0012627319665625691
779.0,0.0004995018197223544,0.0012631096178665757
780.0,0.0004911363369319588,0.001283399760723114
781.0,0.0004966520313173532,0.0012608414981514215
782.0,0.0004902932087425142,0.0012578507885336876
783.0,0.0004975523073226213,0.0012926968047395349
784.0,0.0005092786722816527,0.0013084480306133628
785.0,0.0004852026416920125,0.0012738979421555996
786.0,0.00047685575508512554,0.0013009009417146444
787.0,0.00047370836604386567,0.0012724705738946795
788.0,0.00047133939736522735,0.0012496033450588584
789.0,0.00046833995636552574,0.0012500634184107184
790.0,0.0004733249144628644,0.0012525446945801377
791.0,0.0004694451771210879,0.0012949055526405573
792.0,0.0004827955304645002,0.0012620027409866452
793.0,0.0004951659892685711,0.0012461479054763913
794.0,0.0004940574374049902,0.001232721609994769
795.0,0.0005006133704446256,0.00132959324400872
796.0,0.000497174074407667,0.0013137939386069775
797.0,0.0004922468471340835,0.0012953851837664843
798.0,0.0004833465500269085,0.0012697968631982803
799.0,0.0004825926935300231,0.0012887255288660526
800.0,0.0004890276067890227,0.0013149164151400328
801.0,0.0004948647592682391,0.0012607090175151825
802.0,0.0004956529131159187,0.0012791614281013608
803.0,0.00047953260038048026,0.0012456575641408563
804.0,0.0004794114003889263,0.0012651929864659905
805.0,0.00048142988444305955,0.0012604844523593783
806.0,0.0004822270656004548,0.0012809803010895848
807.0,0.0004958237411919981,0.0012756591895595193
808.0,0.00048752944963052867,0.0012688572751358151
809.0,0.0004923619711771607,0.001288013532757759
810.0,0.0004924745096359402,0.001305446494370699
811.0,0.0005010681673884392,0.0012555273715406656
812.0,0.0004745699907653034,0.0012539690360426903
813.0,0.0004781440850347281,0.0012581313494592905
814.0,0.00047871912899427117,0.0012637164909392595
815.0,0.0004782119772862643,0.0012375436490401626
816.0,0.0004749236823990941,0.0012542593758553267
817.0,0.00046790758008137344,0.0012259280774742365
818.0,0.000476480936165899,0.0012596253072842956
819.0,0.0004957932820543647,0.001274409587495029
820.0,0.0004912533382885158,0.0012519743759185076
821.0,0.00047910543461330234,0.001254269853234291
822.0,0.00046675047720782457,0.0012623879592865705
823.0,0.0004747954597696662,0.001273699919693172
824.0,0.00047305810078978537,0.001276373048312962
825.0,0.00046720758778974415,0.0012590261176228523
826.0,0.00045987534243613484,0.0012744327541440725
827.0,0.00047195612639188767,0.0013065768871456385
828.0,0.0004884996479377151,0.0012995360884815454
829.0,0.0004740305384621024,0.0012787262676283717
830.0,0.0004606504966504872,0.0012447673361748457
831.0,0.00045002239616587756,0.0012459830613806844
832.0,0.00045547122112475337,0.0012260983930900693
833.0,0.0004580917148850858,0.0012281117960810661
834.0,0.0004599528661929071,0.001265664934180677
835.0,0.00045948901120573284,0.0012442131992429495
836.0,0.0004631699903402477,0.0012612505815923214
837.0,0.00045773993246257306,0.0012647777330130339
838.0,0.00047140657692216337,0.001250233268365264
839.0,0.0004696381911635399,0.001264746650122106
840.0,0.00047547895833849904,0.0012517970753833652
841.0,0.0004613408464938402,0.0012718754587695003
842.0,0.0004680143864825368,0.001268880907446146
843.0,0.00047411308647133407,0.0012535564601421356
844.0,0.00046570560242980717,0.0012310015736147761
845.0,0.00045249128388240935,0.0012565846554934978
846.0,0.0004523465405218303,0.0012274939799681306
847.0,0.0004658193988725543,0.0012073711259290576
848.0,0.0004587094609159976,0.0012277336791157722
849.0,0.00046309809852391483,0.0012246343540027738
850.0,0.0004658871130086482,0.0012278358917683363
851.0,0.0004587508952245116,0.001223441562615335
852.0,0.000449319590581581,0.0012357223313301802
853.0,0.0004468818416353315,0.001215505413711071
854.0,0.00046795902564190326,0.0012313821353018284
855.0,0.0004716052690055221,0.0012215084861963987
856.0,0.00045918817236088215,0.0012459077406674623
857.0,0.00047329603927209974,0.0012897439301013947
858.0,0.00048247511545196174,0.0012014589738100767
859.0,0.000454739673063159,0.0012330024037510157
860.0,0.00045878059789538386,0.0012457972625270486
861.0,0.00046843246649950744,0.0012418130645528436
862.0,0.000459091363940388,0.0012880804715678096
863.0,0.00047417614236474037,0.0012504869373515248
864.0,0.0004703057161532342,0.0012484616599977016
865.0,0.00045863999519497157,0.0012647759867832065
866.0,0.00046087347832508385,0.0012524626217782497
867.0,0.00045495784026570616,0.0012346144067123532
868.0,0.0004677816187031567,0.0012127554509788752
869.0,0.0004691380253061652,0.0012078197905793786
870.0,0.00046322486735880374,0.0011955108493566513
871.0,0.00044121582619845867,0.0012142822379246354
872.0,0.00044684086996130644,0.0012148900423198938
873.0,0.0004395791522692889,0.0012047147611156106
874.0,0.00043915598280727864,0.0012045740149915218
875.0,0.0004494022817816585,0.0012055886909365654
876.0,0.0004467305832076818,0.0012369276955723763
877.0,0.0004467415816616267,0.0012174651492387056
878.0,0.0004474282960873097,0.0012054928811267018
879.0,0.0004389363860245794,0.0012163760839030147
880.0,0.00044026722852140665,0.001250272267498076
881.0,0.00044662192882969975,0.0012211751891300082
882.0,0.00044573955470696093,0.001238648546859622
883.0,0.0004411600003950298,0.0012257941998541355
884.0,0.0004323248388245702,0.001228241017088294
885.0,0.0004397794296965003,0.001196542289108038
886.0,0.00044207813078537585,0.0011908647138625383
887.0,0.0004310838661622256,0.0012030770303681493
888.0,0.0004370786491781473,0.001220995676703751
889.0,0.00043585699307732283,0.0012027726043015718
890.0,0.0004342712229117751,0.0012161829508841038
891.0,0.0004430588816758245,0.0012116769794374704
892.0,0.00042527361400425433,0.0012016553664579988
893.0,0.00042476323316805066,0.0011963420547544956
894.0,0.0004292782449629158,0.0012207177933305502
895.0,0.0004355413899756968,0.0012083513429388404
896.0,0.00043038145313039423,0.001218190067447722
897.0,0.0004341218331828713,0.0012268280843272805
898.0,0.00043181483633816244,0.0012152973795309663
899.0,0.0004351190701127052,0.001206270419061184
900.0,0.0004351490160916001,0.0012008938938379288
901.0,0.00044082349864766,0.0012136258883401752
902.0,0.0004352301121689379,0.0012071954552084208
903.0,0.0004380445906426758,0.0012049747165292501
904.0,0.00043201309302821753,0.0012040811125189066
905.0,0.0004369236100465059,0.0011882265098392963
906.0,0.00043407462979666887,0.0012088719522580504
907.0,0.00044604992493987085,0.0012332614278420806
908.0,0.0004344942928291857,0.0011685563949868083
909.0,0.0004260855477768928,0.0011877554934471846
910.0,0.0004281570944003761,0.0011990104103460908
911.0,0.0004172229883261025,0.001177083933725953
912.0,0.0004152332784142345,0.001192952273413539
913.0,0.00041882895957678554,0.0012053016107529402
914.0,0.00041887082369066776,0.0012133446289226413
915.0,0.00041668019047938287,0.001194689655676484
916.0,0.0004133112048730254,0.001201733248308301
917.0,0.0004208121299743652,0.0011838654754683375
918.0,0.0004226490277796984,0.0011749647092074156
919.0,0.00042536617279984056,0.0011781324865296483
920.0,0.0004273444360587746,0.0011796229518949986
921.0,0.00042169992346316573,0.0012090946547687054
922.0,0.00042287340573966505,0.0012276635970920324
923.0,0.0004452616404742002,0.001205179956741631
924.0,0.00044539163284935057,0.0012407354079186916
925.0,0.0004527508693281561,0.0012068074429407716
926.0,0.0004309936566278338,0.0012142304331064224
927.0,0.00042174221272580324,0.0012125824578106403
928.0,0.0004324107544962317,0.0011820860672742128
929.0,0.00042771609872579574,0.0011871540918946266
930.0,0.0004398011825978756,0.0011945395963266492
931.0,0.00043832768872380256,0.0011584354797378182
932.0,0.0004278550241142511,0.0011940259719267488
933.0,0.000433551165740937,0.0012450856156647205
934.0,0.000440176784992218,0.0012058354914188385
935.0,0.0004439167780801654,0.0012095739366486669
936.0,0.0004326213104650378,0.0011826216941699386
937.0,0.00043582340236753226,0.0011861391831189394
938.0,0.0004404140564147383,0.0012035875115543604
939.0,0.0004369139396585524,0.0012154611758887768
940.0,0.00044742705300450326,0.0012343490961939096
941.0,0.00043840357521548865,0.0011818008497357368
942.0,0.00042547295335680245,0.0011876050848513842
943.0,0.0004190573219675571,0.0012007345212623477
944.0,0.0004258431987836957,0.001198716927319765
945.0,0.0004214143410790712,0.0011868186993524432
946.0,0.00041265302733518183,0.0011813677847385406
947.0,0.00042286215326748787,0.001167271169833839
948.0,0.0004309736320283264,0.0011765272356569767
949.0,0.00044516254239715635,0.0011938631068915129
950.0,0.0004405352917965502,0.0011933456407859921
951.0,0.00042386719724163413,0.0011780698550865054
952.0,0.0004314867374487221,0.0011919151293113828
953.0,0.00042635717801749705,0.0011871140450239182
954.0,0.00040392795740626754,0.0011769619304686785
955.0,0.0004082039673812687,0.0011752885766327381
956.0,0.000419400216313079,0.0011841034283861518
957.0,0.00042511563980951906,0.0011774973245337605
958.0,0.0004119588634930551,0.0011886181309819221
959.0,0.00041764570702798663,0.0011771550634875894
960.0,0.0004114028285257518,0.0011928989551961422
961.0,0.0004025602771434933,0.0012177099706605077
962.0,0.00041041561076417564,0.0011998532572761178
963.0,0.0004114878489635885,0.0011635358678177
964.0,0.00040323401801288126,0.0011809056159108877
965.0,0.0004014904748182744,0.0011660876916721463
966.0,0.00040264119720086455,0.0011832970194518566
967.0,0.0004018946401774883,0.0011679338058456779
968.0,0.0003983200041111559,0.0011738042812794447
969.0,0.0004004514447879046,0.001174954348243773
970.0,0.0004021955954376608,0.001184118795208633
971.0,0.0004074573868419975,0.0011786792892962694
972.0,0.0004121868589427322,0.0011805682443082333
973.0,0.0004122678388375789,0.001170974224805832
974.0,0.00040613489993847904,0.0011752143036574125
975.0,0.00040665216255001725,0.0011787976836785674
976.0,0.0004047277439385653,0.0011574276722967625
977.0,0.0004028247462119907,0.0011773417936637998
978.0,0.0004039021730422974,0.0011700140312314034
979.0,0.00040792724606581035,0.0011841478990390897
980.0,0.00041217769333161413,0.0011723769130185246
981.0,0.0004099074837286025,0.001168110640719533
982.0,0.000411343295359984,0.0011730431579053402
983.0,0.00041171278874389827,0.0012256723130121827
984.0,0.0004158158139325678,0.0011773351579904556
985.0,0.00040234767901711164,0.0011490728938952088
986.0,0.00040507138590328395,0.0011810451978817582
987.0,0.0004266882543452084,0.0011474050115793943
988.0,0.00041559872892685235,0.001196729950606823
989.0,0.000412865883205086,0.0012011228827759624
990.0,0.0004140258971601725,0.0011813354212790728
991.0,0.00040817151684314015,0.0011501919943839312
992.0,0.0004010796279180795,0.0011853105388581753
993.0,0.00041519282385706904,0.001189194736070931
994.0,0.0004242850015871227,0.0011864498956128955
995.0,0.0004129630699753761,0.0011731291888281703
996.0,0.0004096149227116257,0.0011753322323784232
997.0,0.00041014484968036414,0.0012118325103074312
998.0,0.0004159702560864389,0.0011836894555017352
999.0,0.0004139673705212772,0.0011556913377717137
1000.0,0.0004080540924333036,0.00118066871073097
1001.0,0.00040607289387844506,0.0011629003565758467
1002.0,0.0004071029166225344,0.001175450743176043
1003.0,0.0004069706075824797,0.0012023369781672955
1004.0,0.00041089622071012856,0.0011566164903342724
1005.0,0.00040346243558451534,0.001162115833722055
1006.0,0.00041009966656565665,0.0011597112752497196
1007.0,0.00041610545106232166,0.0011763183865696192
1008.0,0.00042737781116738917,0.0011933628702536225
1009.0,0.0004137831546831876,0.0011577671393752098
1010.0,0.0004190564735326916,0.001145477406680584
1011.0,0.000425601010909304,0.0011734470026567578
1012.0,0.00046135497046634555,0.0011517301900312304
1013.0,0.00044340937631204725,0.0012253926834091544
1014.0,0.00045078846835531296,0.001234525698237121
1015.0,0.00043855493911542,0.001185852917842567
1016.0,0.0004151767382863909,0.0011709594400599599
1017.0,0.00040978809632360937,0.0011701637413352728
1018.0,0.0004077048725448549,0.0011377233313396573
1019.0,0.00040181182604283094,0.0011315240990370512
1020.0,0.00040434785606339573,0.0011585018364712596
1021.0,0.00039038688968867066,0.0011511610355228186
1022.0,0.00039516055095009504,0.001147894887253642
1023.0,0.0004000219313893467,0.0011534163495525718
1024.0,0.00039432617579586806,0.0011778100160881877
1025.0,0.0003938741609454155,0.0012022453593090177
1026.0,0.00040346545237116515,0.0011575383832678199
1027.0,0.0003923094407655299,0.0011422059033066034
1028.0,0.00038587636430747807,0.0011591059155762196
1029.0,0.0004050770064350218,0.0011730256956070662
1030.0,0.0004104342565406114,0.0011582159204408526
1031.0,0.00041333188116550446,0.0011642277240753174
1032.0,0.0004018498759251088,0.0011602052254602313
1033.0,0.0003994744576048106,0.001151179545558989
1034.0,0.0003900175802409649,0.0011568415211513638
1035.0,0.000391112953890115,0.001154981553554535
1036.0,0.0003919898045714945,0.001151600619778037
1037.0,0.00039539829129353165,0.0011667576618492603
1038.0,0.0003842942137271166,0.0011796768521890044
1039.0,0.0003888680781237781,0.0011460123350843787
1040.0,0.00038258813438005743,0.0011320188641548157
1041.0,0.0003818810014054179,0.001133137964643538
1042.0,0.00038713391637429595,0.0011423587566241622
1043.0,0.00038401150121353565,0.001154099591076374
1044.0,0.00038168096356093885,0.0011106908787041903
1045.0,0.0003840806244406849,0.001118915039114654
1046.0,0.00038637444959022105,0.00116110744420439
1047.0,0.0003961417116224766,0.001152585493400693
1048.0,0.0003908162419684231,0.0011663922341540456
1049.0,0.0003961886991746724,0.0011262766784057021
1050.0,0.0003943303225096315,0.0011211110977455974
1051.0,0.00037236541463062166,0.0011323961662128568
1052.0,0.0003689964434597641,0.0011318018659949303
1053.0,0.0003735921406187117,0.0011220835149288177
1054.0,0.00036836645402945576,0.001129123498685658
1055.0,0.0003734853507485241,0.0011309005785733461
1056.0,0.00038594741001725196,0.0011228570947423577
1057.0,0.0003860942181199789,0.0011234295088797808
1058.0,0.00039941065409220753,0.001173552474938333
1059.0,0.0004027439435012639,0.0011355780297890306
1060.0,0.0003857633213046938,0.001157053979113698
1061.0,0.00039886669046245517,0.0011383660603314638
1062.0,0.00039092979300767183,0.0011314689181745052
1063.0,0.00037953758821822705,0.001131462980993092
1064.0,0.00037192182941362263,0.0011195132974535227
1065.0,0.0003815486365929246,0.001138853607699275
1066.0,0.00038368236110545694,0.0011476557701826096
1067.0,0.00037918796320445837,0.0011373634915798903
1068.0,0.0003787804581224918,0.0011305069783702493
1069.0,0.0003796560908667743,0.0011362340301275253
1070.0,0.00039299400546588005,0.0011315415613353252
1071.0,0.00038572723884135483,0.0011306211818009615
1072.0,0.00039805472921580076,0.0011757340980693698
1073.0,0.00040827663918025794,0.0011652414686977863
1074.0,0.00040758111723698673,0.0011555564124137163
1075.0,0.00039695136225782334,0.0011420979863032699
1076.0,0.0003927260700147599,0.0011347942054271698
1077.0,0.0003855888373218477,0.0011167912743985653
1078.0,0.00038259929954074324,0.0011227794457226992
1079.0,0.0003805402212310582,0.0011451485333964229
1080.0,0.00038712596124969425,0.0011201211018487811
1081.0,0.00038205311610363423,0.0011416749330237508
1082.0,0.0003927852180786431,0.0011510374024510384
1083.0,0.0003743966727051884,0.0011287613306194544
1084.0,0.0003741818193811923,0.0011248578084632754
1085.0,0.00037512810132466254,0.0011097488459199667
1086.0,0.00037109783804044127,0.0011032558977603912
1087.0,0.000369058724027127,0.0011298111639916897
1088.0,0.00037616687314584853,0.001114102196879685
1089.0,0.0003797764831688255,0.001125448732636869
1090.0,0.00038103007641620933,0.001119481399655342
1091.0,0.0003787172653246671,0.0011184073518961668
1092.0,0.00037406166014261545,0.0011204247130081058
1093.0,0.00038099489151500164,0.001116591040045023
1094.0,0.00037804669933393597,0.0011317010503262281
1095.0,0.00039720547874458133,0.0011168798664584756
1096.0,0.00040117292129434646,0.0011201475281268358
1097.0,0.0003881427173037082,0.0011254188138991594
1098.0,0.00038377805263735355,0.0011164296884089708
1099.0,0.00038751717400737105,0.0011368453269824386
1100.0,0.00038511836039833725,0.0011526447487995028
1101.0,0.0003675716696307063,0.0011376363690942526
1102.0,0.0003691825191490352,0.0011496361112222075
1103.0,0.00037689195992425084,0.0011363027151674032
1104.0,0.00038300998113118115,0.0011249496601521969
1105.0,0.0003797938071656972,0.0011307458626106381
1106.0,0.0003788204425945878,0.0011226782808080316
1107.0,0.0003767749581020325,0.0011275282595306635
1108.0,0.00037349838367663326,0.0011270275572314858
1109.0,0.00037579343747347593,0.001124527188949287
1110.0,0.0003781200535595417,0.001150819705799222
1111.0,0.0003739602589048445,0.001162596745416522
1112.0,0.0003901403278578073,0.0011636195704340935
1113.0,0.0003909024465829134,0.0011186108458787203
1114.0,0.0003807757953181863,0.0011300116311758757
1115.0,0.00038307043351233004,0.0011372454464435577
1116.0,0.0003674339028075337,0.0011056604562327266
1117.0,0.0003576293371152133,0.0011065001599490643
1118.0,0.00035570370103232563,0.0011255884310230613
1119.0,0.0003617342384532094,0.0011397723574191332
1120.0,0.0003670656247995794,0.0011510499753057957
1121.0,0.0003736562638077885,0.0011480313260108232
1122.0,0.0003676367034204304,0.00112340843770653
1123.0,0.00036791353090666237,0.0011097232345491648
1124.0,0.0003605426398571581,0.0011094483779743314
1125.0,0.0003614553166553378,0.0011196420527994633
1126.0,0.0003673630878329277,0.001108633354306221
1127.0,0.00037015869352035225,0.0011132812360301614
1128.0,0.0003694299482740462,0.001115290098823607
1129.0,0.0003614153533708304,0.0011210432276129723
1130.0,0.00036194214201532303,0.0011066399747505784
1131.0,0.00036164685129188,0.001085500349290669
1132.0,0.0003541519844438881,0.001104477676562965
1133.0,0.00035571829834952953,0.001099540269933641
1134.0,0.0003633810931351036,0.0011146038305014372
1135.0,0.0003720351555384695,0.0011388236889615655
1136.0,0.0003713065660558641,0.0010885100346058607
1137.0,0.0003707828635815531,0.0011019931407645345
1138.0,0.00038025897694751623,0.0011084802681580186
1139.0,0.0003599171373061836,0.0011177523992955685
1140.0,0.0003705555114429444,0.0011380170471966267
1141.0,0.0003937856641132385,0.0012039038119837642
1142.0,0.00038806610880419613,0.0011724813375622034
1143.0,0.0003742221083957702,0.0011397100752219558
1144.0,0.0003791572595946491,0.0011322370264679193
1145.0,0.0003813735402654856,0.0011371299624443054
1146.0,0.0003844411529134959,0.0011063959682360291
1147.0,0.0003605018446687609,0.0011072366032749414
1148.0,0.00035019805165939033,0.0011370715219527483
1149.0,0.0003627379152458161,0.0011343244696035981
1150.0,0.00036156045901589097,0.0010990221053361893
1151.0,0.00036450886516831816,0.0010982617968693376
1152.0,0.0003607329111546278,0.0011117453686892986
1153.0,0.00036469636019319295,0.001115921069867909
1154.0,0.0003642912469804287,0.0011539716506376863
1155.0,0.0003732239499222487,0.0011237638536840677
1156.0,0.00036442913790233434,0.001099532120861113
1157.0,0.0003546633990481496,0.0010766569757834077
1158.0,0.00034140689903870225,0.0010882500791922212
1159.0,0.000350523738656193,0.00110061455052346
1160.0,0.00035881084622815254,0.0011078329989686608
1161.0,0.0003523797723464668,0.0010868131648749113
1162.0,0.00034662537672556934,0.0011024456471204758
1163.0,0.000357812124537304,0.0011071752524003386
1164.0,0.0003587561494205147,0.001089021796360612
1165.0,0.0003606849785428494,0.0010952744632959366
1166.0,0.000373568853829056,0.0010843886993825436
1167.0,0.0003707372678909451,0.0010856379522010684
1168.0,0.000375451136380434,0.0011218641884624958
1169.0,0.0003721260370220989,0.00111802713945508
1170.0,0.00037624455662444236,0.0011267159134149551
1171.0,0.00037400494911707936,0.0011333531001582742
1172.0,0.0003767200654838234,0.0010889836121350527
1173.0,0.00036298238183371723,0.001090213074348867
1174.0,0.00036609495594166217,0.0010935222962871194
1175.0,0.00037062222557142377,0.0010924021480605006
1176.0,0.0003672222220338881,0.0010964744724333286
1177.0,0.00036219215206801893,0.0011154105886816978
1178.0,0.00035962901310995223,0.0011242973851040006
1179.0,0.000356846573529765,0.0011180691653862596
1180.0,0.00036009770561940967,0.001096609397791326
1181.0,0.00036501569300889967,0.0011216996936127543
1182.0,0.000357255257666111,0.0010948030976578593
1183.0,0.00034952385886572303,0.0011378710623830557
1184.0,0.00036256022471934556,0.001114028855226934
1185.0,0.0003557127364911139,0.001109319506213069
1186.0,0.00035062860837206244,0.001086420495994389
1187.0,0.0003547843634150922,0.0010883434442803264
1188.0,0.0003529534484259784,0.0010981615632772446
1189.0,0.0003511765555012971,0.0011424449039623141
1190.0,0.0003576914800796658,0.0011128825135529041
1191.0,0.0003484760245773941,0.0010955649195238948
1192.0,0.00034163324208930134,0.001080794376321137
1193.0,0.0003428613806609064,0.0010666776215657592
1194.0,0.0003408621021080762,0.0010766811901703477
1195.0,0.00034713187208399175,0.0010778194991871715
1196.0,0.0003487601368688047,0.001064112177118659
1197.0,0.0003452915761154145,0.0010799008887261152
1198.0,0.0003481306636240333,0.001087424112483859
1199.0,0.000342759455088526,0.0010858266614377499
1200.0,0.0003405505921691656,0.0010783106554299593
1201.0,0.00034418378863483666,0.0010902051581069827
1202.0,0.0003441630050074309,0.0010892278514802456
1203.0,0.0003476773120928556,0.0010801369789987803
1204.0,0.0003417757446877658,0.0010978494537994266
1205.0,0.00034894668590277435,0.001087539247237146
1206.0,0.0003437566312495619,0.001087683835066855
1207.0,0.00034720280696637926,0.001085978583432734
1208.0,0.0003472870758268982,0.0011325186351314187
1209.0,0.0003610303066670895,0.0011480046669021249
1210.0,0.0003644748916849494,0.0011532568605616689
1211.0,0.00037022120459005237,0.0011010380694642663
1212.0,0.0003532375800423324,0.00112604396417737
1213.0,0.0003529838959220797,0.001089673605747521
1214.0,0.0003474086697679013,0.001103921327739954
1215.0,0.00034367780410684645,0.0011427071876823902
1216.0,0.0003532592225819826,0.0011177476262673736
1217.0,0.0003465277887880802,0.0010866695083677769
1218.0,0.00034064051741734147,0.0011014128103852272
1219.0,0.0003449638751335442,0.0011151725193485618
1220.0,0.0003508839192800224,0.0011277614394202828
1221.0,0.0003537126884330064,0.00109668739605695
1222.0,0.0003483259726781398,0.0010636186925694346
1223.0,0.0003358976056333631,0.0010660846019163728
1224.0,0.0003406510120257735,0.0010618068045005202
1225.0,0.0003364311147015542,0.0010775523260235786
1226.0,0.0003502829691860825,0.0010765142505988479
1227.0,0.00034658274217508735,0.0010805935598909855
1228.0,0.0003362066780682653,0.0010617906227707863
1229.0,0.0003319647596217692,0.0010646922746673226
1230.0,0.00034274179255589844,0.0010663756402209401
1231.0,0.0003397317952476442,0.0010719713754951954
1232.0,0.00034742641681805253,0.001089988392777741
1233.0,0.0003541373857297003,0.00108113803435117
1234.0,0.000352032657712698,0.0010617427760735154
1235.0,0.00034156105294823644,0.0010869650868698955
1236.0,0.000349307679804042,0.0010751207591965795
1237.0,0.00034364471794106065,0.0010460694320499897
1238.0,0.0003316634751390666,0.0010636673541739583
1239.0,0.00032883563544601203,0.0010864285286515951
1240.0,0.000341821676120162,0.0010825935751199722
1241.0,0.0003567609821911901,0.0010717258555814624
1242.0,0.0003521761151496321,0.0010733305243775249
1243.0,0.000350132962455973,0.001083084847778082
1244.0,0.0003513865026179701,0.001070782309398055
1245.0,0.000348929948406294,0.0010917334584519267
1246.0,0.0003417939497157931,0.0010841548210009933
1247.0,0.00034180940920487045,0.0010718489065766335
1248.0,0.000335573396878317,0.0010554160689935088
1249.0,0.00033938424079678955,0.0010540474904701114
1250.0,0.00034196501015685497,0.0010659322142601013
1251.0,0.00033775050775147975,0.0010746571933850646
1252.0,0.0003307612482458353,0.0010564500698819757
1253.0,0.00033908515609800815,0.0010573097970336676
1254.0,0.0003374520626384765,0.0010733468225225806
1255.0,0.00033159019472077487,0.0010874231811612844
1256.0,0.00033722950029186906,0.0010775686241686344
1257.0,0.00034131467901170256,0.0010885169031098485
1258.0,0.00034005825174972416,0.0010790742235258222
1259.0,0.0003329777647741139,0.00107215263415128
1260.0,0.0003366038044914603,0.0010740781435742974
1261.0,0.0003307749310042709,0.0010684594744816422
1262.0,0.00032936703111045065,0.001062106341123581
1263.0,0.0003405334069393575,0.001057102344930172
1264.0,0.00033493725350126625,0.0010649699252098799
1265.0,0.00033297807164490225,0.0010486930841580033
1266.0,0.00033008354529738424,0.0010761452140286565
1267.0,0.0003370768723543733,0.0010696158278733492
1268.0,0.00033381133433431386,0.0010964063694700599
1269.0,0.00034736875933595,0.0010883030481636524
1270.0,0.00034467750252224506,0.0010710926726460457
1271.0,0.00033559814118780195,0.0010860038455575705
1272.0,0.0003391701402142644,0.0010691294446587563
1273.0,0.00033431676402688026,0.0010693229269236326
1274.0,0.00034868182754144075,0.0011163944145664573
1275.0,0.0003386545681860298,0.001101780915632844
1276.0,0.00034853510675020516,0.0010514473542571068
1277.0,0.00033037897036410866,0.001065819407813251
1278.0,0.000328496610512957,0.0010710328351706266
1279.0,0.0003295070806052536,0.001065994962118566
1280.0,0.00032985731470398604,0.0010737471748143435
1281.0,0.0003446776436176151,0.0010562320239841938
1282.0,0.00032969507435336707,0.0010548741556704044
1283.0,0.00032809083093889057,0.0010649749310687184
1284.0,0.00033461059350520375,0.0010590935125946999
1285.0,0.0003361783765722066,0.001079732202924788
1286.0,0.0003446939429268241,0.0011207389179617167
1287.0,0.00035789748351089656,0.001088342978619039
1288.0,0.00035141847608610987,0.001084839808754623
1289.0,0.00034625482838600876,0.0011069283355027437
1290.0,0.00034214251092635096,0.0010732243536040187
1291.0,0.00035176504286937415,0.0010623286943882704
1292.0,0.000350862962892279,0.0010848522651940584
1293.0,0.0003576008672825992,0.0010926482500508428
1294.0,0.0003518447792157531,0.0010788646759465337
1295.0,0.00033886879612691703,0.0010602790862321854
1296.0,0.0003324300886597484,0.0010587743017822504
1297.0,0.00032801669044420125,0.0010470002889633179
1298.0,0.000323060741648078,0.0010712574003264308
1299.0,0.00033512822003103795,0.001048963749781251
1300.0,0.0003344306864310056,0.001054170774295926
1301.0,0.00034426559298299253,0.0010743924649432302
1302.0,0.0003360549281351268,0.0010925481328740716
1303.0,0.0003316092458553612,0.0010859222384169698
1304.0,0.000328424567123875,0.0011180526344105601
1305.0,0.00033081965800374745,0.0010662429267540574
1306.0,0.0003303556714672595,0.0011123938020318747
1307.0,0.0003519968632608652,0.0010717121185734868
1308.0,0.0003427706467919052,0.0011137613328173757
1309.0,0.00035832202318124474,0.0010839923052117229
1310.0,0.00036087750177830457,0.0010881908237934113
1311.0,0.00034940821258351205,0.0010786870261654258
1312.0,0.00035346532822586594,0.0010726058389991522
1313.0,0.00034689007536508145,0.0010572904720902443
1314.0,0.0003340480430051684,0.001048789476044476
1315.0,0.0003298230469226837,0.0010540866060182452
1316.0,0.0003409592970274389,0.0010717837139964104
1317.0,0.0003444280729163438,0.001059071160852909
1318.0,0.00032720895064994695,0.0010704203741624951
1319.0,0.00033569716243073345,0.0010634406935423613
1320.0,0.0003370391011703759,0.0010579817462712526
1321.0,0.0003329912747722119,0.0010510580614209175
1322.0,0.0003268107851035893,0.0010351084638386965
1323.0,0.00032836818089708686,0.001043555443175137
1324.0,0.00032515622954815626,0.0010538436472415924
1325.0,0.00033165737707167864,0.0010403322521597147
1326.0,0.00033078090450726447,0.0010753022506833076
1327.0,0.0003352317030075937,0.0010702145518735051
1328.0,0.0003597547735553235,0.0010641999542713165
1329.0,0.00035868378542363644,0.0010384221095591784
1330.0,0.0003314563180319965,0.0010409245733171701
1331.0,0.0003241156896110624,0.0010686316527426243
1332.0,0.0003267372536938637,0.00104240991640836
1333.0,0.0003284173558931798,0.0010385677451267838
1334.0,0.00032548233261331914,0.0010414255084469914
1335.0,0.0003211293558124453,0.0010358120780438185
1336.0,0.00031625649123452604,0.0010533223394304514
1337.0,0.0003121642132755369,0.0010693034855648875
1338.0,0.00031374458223581313,0.0010622761910781264
1339.0,0.0003146540115121752,0.0010508960112929344
1340.0,0.0003135092428419739,0.0010370755335316062
1341.0,0.0003106472904328257,0.0010529382852837443
1342.0,0.00031323244515806437,0.0010448509128764272
1343.0,0.00031106636696495114,0.0010404565837234259
1344.0,0.000309463000157848,0.001040670438669622
1345.0,0.00031103413784876465,0.001037241076119244
1346.0,0.00031448842165991665,0.0010343738831579685
1347.0,0.00032483718590810897,0.0010290027130395174
1348.0,0.0003201214272994548,0.0010336469858884811
1349.0,0.00031806514854542913,0.0010372783290222287
1350.0,0.0003139897622168064,0.0010431025875732303
1351.0,0.00031284539471380414,0.0010499099735170603
1352.0,0.00031509450590237975,0.0010379848536103964
1353.0,0.0003201843004208058,0.0010775289265438914
1354.0,0.0003397611493710428,0.001056843320839107
1355.0,0.00033499613380990923,0.0010925352107733488
1356.0,0.0003478919097688049,0.0010709998896345496
1357.0,0.00033741850312799215,0.0010469515109434724
1358.0,0.00032804330973885954,0.0010392258409410715
1359.0,0.00031727211526595055,0.0010828201193362474
1360.0,0.00033950328268110753,0.0010861301561817527
1361.0,0.0003559894959907979,0.001070285914465785
1362.0,0.0003539774124510586,0.0010640346445143223
1363.0,0.0003426418397575617,0.0010652521159499884
1364.0,0.00032700609066523613,0.001062521943822503
1365.0,0.00031527934852056203,0.0010469543049111962
1366.0,0.0003028203796129674,0.0010357090504840016
1367.0,0.0003039455097168684,0.0010370862437412143
1368.0,0.0003045140132308006,0.001054174150340259
1369.0,0.0003112791827879846,0.0010434529976919293
1370.0,0.0003152540458831936,0.001025445177219808
1371.0,0.0003185926019214094,0.0010282800067216158
1372.0,0.0003117157043889165,0.0010144857224076986
1373.0,0.0003149674937594682,0.001062100171111524
1374.0,0.0003284437835682183,0.0010213135974481702
1375.0,0.000312588797416538,0.0010526363039389253
1376.0,0.0003125749079044908,0.001064250129275024
1377.0,0.0003195400149561465,0.001086249714717269
1378.0,0.0003267517315689474,0.0010634463978931308
1379.0,0.0003272427546326071,0.0010476857423782349
1380.0,0.00031094097997993233,0.0010360463056713343
1381.0,0.00030064426478929816,0.0010310390498489141
1382.0,0.0003136064375285059,0.0010336334817111492
1383.0,0.0003059123803395778,0.0010287727927789092
1384.0,0.0003035388642456383,0.0010174716589972377
1385.0,0.0003112910583149642,0.0010090761352330446
1386.0,0.0003147282120771706,0.0010330075165256858
1387.0,0.00031636929116211833,0.0010372111573815346
1388.0,0.00031401937757618724,0.001033308100886643
1389.0,0.0003198294648900628,0.0010561407543718815
1390.0,0.0003262589687947184,0.001009773463010788
1391.0,0.0003258511868771166,0.0010539863724261522
1392.0,0.0003232864676974714,0.0010600489331409335
1393.0,0.0003121022523846477,0.0010505183599889278
1394.0,0.0003074996597133577,0.001058315741829574
1395.0,0.0003101104961242527,0.0010379262967035174
1396.0,0.0003068257498089224,0.0010402369080111384
1397.0,0.00031316970870830116,0.001017646281979978
1398.0,0.00031088062655180694,0.0010094125755131245
1399.0,0.00031342578027397395,0.0010422132909297943
1400.0,0.00031491420324891804,0.0010432656854391098
1401.0,0.0003163850505370647,0.0010315778199583292
1402.0,0.00030995738692581656,0.001029488048516214
1403.0,0.00031039778189733623,0.0010247420286759734
1404.0,0.0003040681916754693,0.0010415833676233888
1405.0,0.00030303899012506006,0.0010503482772037387
1406.0,0.00030174485524185,0.0010431261034682393
1407.0,0.00030219143303111194,0.0010472404537722468
1408.0,0.0003017270041164011,0.0010395139688625932
1409.0,0.00030575334816239775,0.001047750236466527
1410.0,0.00030718992138281464,0.0010460688499733806
1411.0,0.00032043687789700927,0.0010355343110859394
1412.0,0.0003119502707850188,0.0010669779730960727
1413.0,0.0003272823626175523,0.0010959203355014324
1414.0,0.0003329285602085292,0.0010634912177920341
1415.0,0.0003229728022124618,0.0010845641372725368
1416.0,0.000320720273302868,0.0010534137254580855
1417.0,0.00030365575710311534,0.0010458212345838547
1418.0,0.0003039274865295738,0.001065936405211687
1419.0,0.0003092855501454324,0.0010420235339552164
1420.0,0.00031334514496847985,0.0010356659768149257
1421.0,0.0003069337827619165,0.0010549937142059207
1422.0,0.00030526162567548454,0.0010172560578212142
1423.0,0.00030812102952040735,0.0010355176636949182
1424.0,0.0003092698827385902,0.0010410496033728123
1425.0,0.0003150170193985105,0.0010331914527341723
1426.0,0.00030781947914510963,0.0010333932004868984
1427.0,0.0002925704591907561,0.0010090232826769352
1428.0,0.0002988171598408371,0.001012690830975771
1429.0,0.00030059310793876647,0.0010085692629218102
1430.0,0.0002960784749593586,0.0010119234211742878
1431.0,0.00030544550833292306,0.0010194288333877921
1432.0,0.00031580672156997024,0.001005421974696219
1433.0,0.00031286862515844406,0.0010054846061393619
1434.0,0.0003149769504088908,0.0010075209429487586
1435.0,0.00033475147443823517,0.0010259486734867096
1436.0,0.000336622622795403,0.0010453969007357955
1437.0,0.0003300455855205655,0.0010488787665963173
1438.0,0.00032446820987388494,0.0010589752346277237
1439.0,0.00032617207849398253,0.0010397903388366103
1440.0,0.00031299247173592447,0.0010353786638006568
1441.0,0.0003066075288224965,0.001048431033268571
1442.0,0.0003111360324546695,0.0010497415205463767
1443.0,0.00030870127701200544,0.001032505533657968
1444.0,0.00029705607541836797,0.0009976289002224803
1445.0,0.0002903116482775658,0.0010032877326011658
1446.0,0.00029740848368965087,0.0010008806129917502
1447.0,0.00029114617058075963,0.0010065182577818632
1448.0,0.0002889216495677829,0.0010070826392620802
1449.0,0.00028892525006085634,0.0010160005185753107
1450.0,0.00029105972265824675,0.0010189887834712863
1451.0,0.00029486111691221596,0.001011597109027207
1452.0,0.00029177092318423094,0.0010196141665801406
1453.0,0.00030398975382559,0.000993650988675654
1454.0,0.0003000148308929056,0.0010284573072567582
1455.0,0.000301254102261737,0.001030657673254609
1456.0,0.0003019758844748139,0.0010185070568695664
1457.0,0.00030271898163482545,0.001003545941784978
1458.0,0.00031116503733210265,0.000998009811155498
1459.0,0.0002991786303464323,0.001020392868667841
1460.0,0.00030626038019545377,0.0010663768043741584
1461.0,0.0003313268895726651,0.0010016066953539848
1462.0,0.00031817111978307366,0.0010213555069640279
1463.0,0.00031969162006862463,0.0010236094240099192
1464.0,0.0003110074931755662,0.001019307877868414
1465.0,0.00031943491427227855,0.001024329336360097
1466.0,0.0003271913551725447,0.0010348858777433634
1467.0,0.00031135983439162376,0.0010098236380144954
1468.0,0.00030559879424981774,0.0010148119181394577
1469.0,0.00030078135197982194,0.0010258544934913516
1470.0,0.000296433788491413,0.0010244003497064114
1471.0,0.0003185042825061828,0.0009984695352613926
1472.0,0.00029710219777189195,0.001030733110383153
1473.0,0.00029919970454648137,0.0009941182797774673
1474.0,0.0002947286057751626,0.0010119921062141657
1475.0,0.0002928816394414753,0.000997512717731297
1476.0,0.00028476711083203556,0.0010003267088904977
1477.0,0.00029217435629107057,0.0009970123646780849
1478.0,0.00029821995738893745,0.0010025962255895138
1479.0,0.00029424743633717297,0.0010052246507257223
1480.0,0.0002918171496130526,0.001019681803882122
1481.0,0.0003001150458585471,0.0010242866119369864
1482.0,0.0003014454813674092,0.0010296006221324205
1483.0,0.00029921343829482795,0.0010307665215805173
1484.0,0.0003001263560727239,0.0010382458567619324
1485.0,0.00029597384692169726,0.0010215812362730503
1486.0,0.00029863062291406097,0.0010075066238641739
1487.0,0.0002915500574745238,0.001025951700285077
1488.0,0.00029052961012348535,0.0010125810513272882
1489.0,0.00029718514415435495,0.0010321249719709158
1490.0,0.00030826971307396886,0.0010126304114237428
1491.0,0.0003059629858471453,0.0010491290595382452
1492.0,0.00031428624293766916,0.001023312215693295
1493.0,0.00030002770875580607,0.0009974780259653926
1494.0,0.00029845281317830084,0.0010265494929626584
1495.0,0.00030846668360754847,0.001012031571008265
1496.0,0.00029243727773427963,0.0010064730886369944
1497.0,0.00029639062471687795,0.0010203610872849822
1498.0,0.0002983477469533682,0.0010324183385819197
1499.0,0.0003080082796514034,0.0010206381557509303
1500.0,0.0003077187370508909,0.0010039202170446515
1501.0,0.0003060972432140261,0.0010079608764499426
1502.0,0.0002973518359940499,0.0009862380102276802
1503.0,0.0002964746174402535,0.0009958831360563636
1504.0,0.0002952848619315773,0.0010096728801727295
1505.0,0.0002971564626786858,0.001031625783070922
1506.0,0.00030352661781944337,0.0010330385994166136
1507.0,0.0003023093286901712,0.0010138617362827063
1508.0,0.00028999662515707313,0.001006332808174193
1509.0,0.0002849515490233898,0.0010023213690146804
1510.0,0.0002965808091685176,0.001013892237097025
1511.0,0.0002992164953611791,0.001004433841444552
1512.0,0.0003077561380341649,0.0009940305026248097
1513.0,0.0003106386843137443,0.0009944008197635412
1514.0,0.0003061945007648319,0.0009836764074862003
1515.0,0.00031121960561722515,0.0010031989077106118
1516.0,0.00032324591022916136,0.0009900967124849558
1517.0,0.00030755632277578115,0.00098651391454041
1518.0,0.0002940127819310874,0.0010039514163509011
1519.0,0.00029592966567724944,0.001005476457066834
1520.0,0.000293762311572209,0.0009991098195314407
1521.0,0.0002901672883890569,0.0010229357285425067
1522.0,0.0002938776430673897,0.0009962893091142178
1523.0,0.00029597046645358203,0.0009930848609656096
1524.0,0.00029022912168875334,0.0010031501296907663
1525.0,0.0003007387972902507,0.0010543928947299719
1526.0,0.0003192404231522232,0.0010415539145469666
1527.0,0.00032522750133648517,0.0009830001508817077
1528.0,0.0003090656807180494,0.0009827789617702365
1529.0,0.00030286452174186707,0.0010145187843590975
1530.0,0.00030288305529393257,0.0010030660778284073
1531.0,0.0002970083593390882,0.0009793584467843175
1532.0,0.0003017973531968892,0.0010059078922495246
1533.0,0.0002998818033374846,0.0009830283233895898
1534.0,0.00028521533450111746,0.0009981110924854875
1535.0,0.0002769290686119348,0.0010046171955764294
1536.0,0.0002875511266756803,0.0010116792982444167
1537.0,0.00029497016267850996,0.0009952997788786888
1538.0,0.00029333751276135444,0.0010182480327785015
1539.0,0.0002934801902156323,0.0010260622948408127
1540.0,0.00028865900333039464,0.0009972540428861976
1541.0,0.00028995779925025997,0.0010007553501054645
1542.0,0.00029197045275941493,0.0009892296511679888
1543.0,0.0002868232601322234,0.0009950565872713923
1544.0,0.00028851886675693096,0.0009907328058034182
1545.0,0.0002856229962781072,0.0010003824718296528
1546.0,0.00028833727072924377,0.0009869813220575452
1547.0,0.00028551296959631147,0.000997200608253479
1548.0,0.00029215561412274837,0.001019862713292241
1549.0,0.00029623648314736783,0.0010011764243245125
1550.0,0.0002776342297438532,0.001018705777823925
1551.0,0.00028466709703207015,0.0009928419021889567
1552.0,0.000281432077055797,0.0010043371003121138
1553.0,0.0002775898987893015,0.001011788728646934
1554.0,0.00028313707723282277,0.0009973335545510054
1555.0,0.00029041711147874595,0.0009818996768444777
1556.0,0.00028018745267763734,0.001009109546430409
1557.0,0.00027990188100375236,0.000983961159363389
1558.0,0.0002757768260780722,0.0009710125159472227
1559.0,0.00027977642812766133,0.0009893294190987945
1560.0,0.00029326215153560045,0.0009752530604600906
1561.0,0.0002826182930730283,0.0009779029060155153
1562.0,0.00027930588950403037,0.0009893153328448534
1563.0,0.0002817922523245215,0.0009986540535464883
1564.0,0.00028545671072788536,0.00099592050537467
1565.0,0.00028556401375681164,0.0010225415462628007
1566.0,0.00027894212049432097,0.0009845554595813155
1567.0,0.000270933517254889,0.0009753620834089816
1568.0,0.0002788709576707333,0.0009847478941082954
1569.0,0.00027716215210966765,0.0009909103391692042
1570.0,0.00028665821882896126,0.0010096682235598564
1571.0,0.0002830785547848791,0.0009925502818077803
1572.0,0.0002896917555481195,0.0009782753186300397
1573.0,0.0002852596964221448,0.001002572593279183
1574.0,0.00028563847206532954,0.0009717369102872908
1575.0,0.0002829330370295793,0.0009815982775762677
1576.0,0.00028217021119780836,0.0009964520577341318
1577.0,0.0002964309228118509,0.00098868936765939
1578.0,0.00029841132299043236,0.001013210043311119
1579.0,0.00029693578742444516,0.000997787807136774
1580.0,0.0002892937494907528,0.0010111164301633835
1581.0,0.0002970273068640381,0.0010256844107061625
1582.0,0.00031250742729753254,0.000989625696092844
1583.0,0.0003066029592882842,0.0010000676847994328
1584.0,0.00030527983023785057,0.0009891444351524115
1585.0,0.00028245221823453904,0.000993102788925171
1586.0,0.00027642214018851517,0.0009921074379235506
1587.0,0.0002776417629793286,0.0009799706749618053
1588.0,0.0002729814739432186,0.0009912153473123908
1589.0,0.00027940435335040094,0.0009897134732455015
1590.0,0.0002817773239221424,0.0009784736903384328
1591.0,0.00027108070813119413,0.0009757521329447627
1592.0,0.00026920103281736374,0.0009693016181699932
1593.0,0.00026663548848591744,0.0009763750131241977
1594.0,0.0002739214301109314,0.0009933572728186846
1595.0,0.0002781921804416925,0.0009991438128054142
1596.0,0.00027932883880566806,0.0010171286994591355
1597.0,0.0002919299937784672,0.0009997113374993205
1598.0,0.00028840754041448233,0.0009841995779424906
1599.0,0.00028078737272880974,0.001014055567793548
1600.0,0.0003067439505830407,0.0010264418087899685
1601.0,0.0003105934811756015,0.0010219620307907462
1602.0,0.0002980299063492566,0.0010129357688128948
1603.0,0.0002866202383302152,0.0010035875020548701
1604.0,0.0002882373321335763,0.0009804066503420472
1605.0,0.0002960372637026012,0.000992918387055397
1606.0,0.0003151015844196081,0.0009792778873816133
1607.0,0.0002882758951745927,0.0009988107485696673
1608.0,0.0002830140579026192,0.0010124106192961335
1609.0,0.00029712934303097427,0.0010099129285663366
1610.0,0.0003048106736969203,0.0009891686495393515
1611.0,0.0003038105317391455,0.0010488989064469934
1612.0,0.0003100823708809912,0.0010360641172155738
1613.0,0.00030045673972927035,0.0010122708044946194
1614.0,0.00031322288583032786,0.0010087001137435436
1615.0,0.0003047922032419592,0.0010193872731179
1616.0,0.00030698763369582595,0.0009844749001786113
1617.0,0.0002892321590334177,0.0009776530787348747
1618.0,0.0002860647125635296,0.0009750230237841606
1619.0,0.0002703086209949106,0.0009930150117725134
1620.0,0.0002913968241773546,0.001010013511404395
1621.0,0.0002846480871085078,0.0009761868277564645
1622.0,0.0002716741876211017,0.000983474776148796
1623.0,0.00026814687717705964,0.0009857028489932418
1624.0,0.0002719773626886308,0.0009752108016982675
1625.0,0.0002648403109051287,0.000974360213149339
1626.0,0.00027088012685999276,0.0009728019358590245
1627.0,0.0002660561224911362,0.0009796024532988667
1628.0,0.0002747703534550965,0.0009884493192657828
1629.0,0.0002669909631367773,0.0009712530882097781
1630.0,0.00027212088368833067,0.0010057510808110237
1631.0,0.0002820212598890066,0.0010123918764293194
1632.0,0.00028960652905516326,0.0010107894195243716
1633.0,0.00028885974595323205,0.0010347584029659629
1634.0,0.0003027344411239028,0.0010434717405587435
1635.0,0.0002915611921343952,0.0010515032336115837
1636.0,0.00029877924406901,0.001044513308443129
1637.0,0.00029055266920477153,0.001036218018271029
1638.0,0.0002884874865412712,0.0009851447539404035
1639.0,0.0002770699907559902,0.0009671439183875918
1640.0,0.0002851689492817968,0.0010081867221742868
1641.0,0.00028570776712149383,0.0009853269439190626
1642.0,0.0002882526069879532,0.0009593969443812966
1643.0,0.0002859369562938809,0.0009820199338719249
1644.0,0.000295532165793702,0.0009534807759337127
1645.0,0.00027340176329016685,0.0009637671755626798
1646.0,0.0002658105546142906,0.0009830067865550518
1647.0,0.0002690420455764979,0.0009838734986260533
1648.0,0.00028034654445946216,0.0009888566564768553
1649.0,0.0002904357800725847,0.001009957049973309
1650.0,0.00029372666496783493,0.0009981603361666203
1651.0,0.0002967469191644341,0.0009912541136145592
1652.0,0.0002859607534483075,0.0009608112159185112
1653.0,0.00027633233042433856,0.0009786032605916262
1654.0,0.0002740249207708985,0.0009645787649787962
1655.0,0.0002713318464811891,0.0009710373124107718
1656.0,0.0002721901338081807,0.0009719352819956839
1657.0,0.0002678326284512877,0.0009668205166235566
1658.0,0.0002702690279111266,0.000956693256739527
1659.0,0.0002703154671471566,0.00098321121186018
1660.0,0.0002750312879215926,0.0009805381996557117
1661.0,0.00029506324767135085,0.0009727703873068094
1662.0,0.0002905158072244376,0.0009838973637670279
1663.0,0.0002933795906137675,0.0010053727310150862
1664.0,0.0003154804930090904,0.0010070858988910913
1665.0,0.00030048321513459085,0.0010013800347223878
1666.0,0.00029131785850040616,0.0009853019146248698
1667.0,0.0002968158496078104,0.000980098731815815
1668.0,0.0002839187241625041,0.0009817370446398854
1669.0,0.00028328937548212704,0.0009553128620609641
1670.0,0.000283218237105757,0.0009683322277851403
1671.0,0.000270718309096992,0.0009504594490863383
1672.0,0.0002673020479269326,0.0009808116592466831
1673.0,0.00028664218029007317,0.00099269044585526
1674.0,0.0002670073938788846,0.0009715861524455249
1675.0,0.00026510603725910187,0.0009653886081650853
1676.0,0.0002656883297022432,0.0009910707594826818
1677.0,0.0002717078272253275,0.0009999816538766026
1678.0,0.0002809392563067377,0.000982334022410214
1679.0,0.0002908975500613451,0.001048853388056159
1680.0,0.00030240119830705225,0.0009829963091760874
1681.0,0.00027432349231094124,0.0009859795682132244
1682.0,0.00028692022222094236,0.0009628578554838896
1683.0,0.00027870456245727835,0.0009631625143811107
1684.0,0.00026740936329588293,0.0009635220048949122
1685.0,0.0002661003463435918,0.0009567050728946924
1686.0,0.00026488223019987346,0.0009441310539841652
1687.0,0.00027249132841825486,0.0009588680695742369
1688.0,0.00026927978242747484,0.0009900480508804321
1689.0,0.00027830111444927753,0.0010265166638419032
1690.0,0.0002904221238568425,0.0009876631665974855
1691.0,0.0002840378943365067,0.0010185674764215946
1692.0,0.0002851610677316785,0.000982593628577888
1693.0,0.00029442628496326504,0.000986611470580101
1694.0,0.00028408136032521725,0.0009723299299366772
1695.0,0.0002718157849740237,0.000974121387116611
1696.0,0.00026232029346283527,0.000953122740611434
1697.0,0.0002669367203488946,0.0009499221341684461
1698.0,0.0002566061635734513,0.0009582864004187286
1699.0,0.0002703894905280322,0.0009603517828509212
1700.0,0.00026910891407169404,0.0009719814988784492
1701.0,0.0002623642752878368,0.0009610772249288857
1702.0,0.0002637144352775067,0.0009529920644126832
1703.0,0.0002636485304683447,0.000942979590035975
1704.0,0.00026453542290255427,0.0009510564268566668
1705.0,0.0002608565874397755,0.0009529751259833574
1706.0,0.0002645340950693935,0.0009714349871501327
1707.0,0.00027288069622591137,0.0009591085836291313
1708.0,0.00027801984315738084,0.0009539202437736094
1709.0,0.00027136581426020714,0.0009607253596186638
1710.0,0.0002644170871935785,0.0009628657135181129
1711.0,0.0002696283753030002,0.0009754729107953608
1712.0,0.00026530814147554337,0.0009526839712634683
1713.0,0.00026145451818592846,0.0009453710517846048
1714.0,0.0002593567953445017,0.0009520791354589164
1715.0,0.00026083779614418745,0.0009497730061411858
1716.0,0.00027982617123052477,0.0009884152095764875
1717.0,0.0002798292830120772,0.0009845391614362597
1718.0,0.00027997229504399,0.0009825915331020951
1719.0,0.0002725150648038834,0.0009829020127654076
1720.0,0.00026562216598540546,0.000972418230958283
1721.0,0.0002612628871574998,0.0009786003502085805
1722.0,0.00026433882000856103,0.0009894055547192693
1723.0,0.0002720316885970533,0.000960104982368648
1724.0,0.0002687331484630704,0.0009562732302583754
1725.0,0.00027450440567918123,0.0009892459493130445
1726.0,0.0002812129626981914,0.000981943216174841
1727.0,0.00029171882336959245,0.0009685000986792147
1728.0,0.00026703432481735946,0.0009719543741084635
1729.0,0.00026093111652880906,0.0009779869578778744
1730.0,0.00026506363041698934,0.0009658843046054244
1731.0,0.0002647567451931536,0.0009731714380905032
1732.0,0.00026171226613223554,0.0009725217241793871
1733.0,0.0002695221260655671,0.0009687567944638431
1734.0,0.0002681343271397054,0.0009725134586915374
1735.0,0.0002652734869625419,0.0009908974170684814
1736.0,0.0002720317617058754,0.0010101919760927558
1737.0,0.000276460126042366,0.0009946402860805392
1738.0,0.0002669290769845247,0.000998317962512374
1739.0,0.0002699938931036741,0.0009838570840656757
1740.0,0.0002630772993434221,0.0009698886424303055
1741.0,0.0002568382484605536,0.0009754345519468188
1742.0,0.00025479053473100065,0.0009820475243031979
1743.0,0.0002676703594624996,0.0009557432495057583
1744.0,0.0002557014003396034,0.0009433252271264791
1745.0,0.0002543316059745848,0.000962677935604006
1746.0,0.0002570136599242687,0.0009724344126880169
1747.0,0.00025560481334105134,0.0009718361543491483
1748.0,0.0002623961963690817,0.0009599789045751095
1749.0,0.0002575536402873695,0.0009582815691828728
1750.0,0.0002615555067313835,0.0009809306357055902
1751.0,0.00025702559668570754,0.0009590762783773243
1752.0,0.00024756376352161167,0.0009863809682428837
1753.0,0.0002593440169002861,0.0009892709786072373
1754.0,0.0002578469642903656,0.0009618284530006349
1755.0,0.00024958081101067366,0.0009493568213656545
1756.0,0.0002478258665651083,0.0009520521271042526
1757.0,0.0002492920171935111,0.0009395898086950183
1758.0,0.0002530097854323685,0.0009301797836087644
1759.0,0.0002569735578726977,0.0009442761074751616
1760.0,0.00026530037727206943,0.0009731391328386962
1761.0,0.0002689423286356032,0.0009690047590993345
1762.0,0.0002804005548823625,0.00098305509891361
1763.0,0.00028442545188590883,0.0009477803250774741
1764.0,0.00026457824814133345,0.0009550299146212637
1765.0,0.0002627616047393531,0.0009588454850018024
1766.0,0.0002561352599877864,0.0009577996679581702
1767.0,0.0002624778088647872,0.0009586492669768631
1768.0,0.0002578019413631409,0.0009811816271394491
1769.0,0.0002653591383714229,0.0009541255421936512
1770.0,0.0002719039241783321,0.0010060422355309129
1771.0,0.0003034953058231622,0.0009688818245194852
1772.0,0.0002886433892417699,0.0009551285766065121
1773.0,0.00029031946836039423,0.0010038340697064996
1774.0,0.0003056900482624769,0.0010160956298932433
1775.0,0.00030943260132335125,0.0009530149982310832
1776.0,0.00028117019007913767,0.0009508720831945539
1777.0,0.0002699237761553377,0.0009808014146983624
1778.0,0.00027955450920853764,0.0009792872006073594
1779.0,0.00027609639964066445,0.0009527969523333013
1780.0,0.0002645395386498421,0.0009439309360459447
1781.0,0.0002859444429632276,0.0010009821271523833
1782.0,0.0002693338696844876,0.0009715333580970764
1783.0,0.00026332892011851074,0.000949994137044996
1784.0,0.0002574482290074229,0.0009432468214072287
1785.0,0.00026644763699732723,0.0009322839323431253
1786.0,0.0002558478619903326,0.0009328362066298723
1787.0,0.00025185235845856367,0.0009397530811838806
1788.0,0.000251746186055243,0.000948792090639472
1789.0,0.0002521337296348065,0.0009631820139475167
1790.0,0.0002554123259615153,0.0009687058045528829
1791.0,0.00026432943670079114,0.0009652903536334634
1792.0,0.0002666472953278571,0.0009357448434457183
1793.0,0.0002601487068459392,0.0009540070313960314
1794.0,0.0002523600866552442,0.0009515248821116984
1795.0,0.0002621435453183949,0.0009327928419224918
1796.0,0.0002503830080386251,0.0009605949162505567
1797.0,0.000253988497890532,0.0009539883467368782
1798.0,0.00025026041630189864,0.0009395144297741354
1799.0,0.00024551726202480496,0.0009333405760116875
1800.0,0.00024769359291531147,0.0009349648025818169
1801.0,0.0002509493068791926,0.0009317884687334299
1802.0,0.0002486261469312012,0.000949467474129051
1803.0,0.00025049591553397474,0.0009643746307119727
1804.0,0.0002572095086798072,0.0009509753435850143
1805.0,0.00026180340419523415,0.0009494400001130998
1806.0,0.00025272981217131017,0.0009682265226729214
1807.0,0.00025506360549479724,0.0009640392963774502
1808.0,0.00025590791366994384,0.0009633629815652966
1809.0,0.0002644417004194111,0.0009423141600564122
1810.0,0.00024614288145676254,0.0009390154737047851
1811.0,0.0002488072596024722,0.0009558574529364705
1812.0,0.0002576546969357878,0.0009654161403886974
1813.0,0.0002661369394045323,0.0009646755061112344
1814.0,0.00025807409663684665,0.000937736127525568
1815.0,0.0002508949933107942,0.0009606374660506845
1816.0,0.0002513920099008828,0.0009541083709336817
1817.0,0.0002574777421541512,0.0009499695734120905
1818.0,0.0002562460615299642,0.0009484598995186388
1819.0,0.0002633526741992682,0.0009736620122566819
1820.0,0.00025819667882751675,0.0009633982554078102
1821.0,0.00026076046586968004,0.0009652378503233194
1822.0,0.0002538129426538944,0.0009616001625545323
1823.0,0.0002561513613909483,0.0009438917622901499
1824.0,0.0002554840575903654,0.0009274069452658296
1825.0,0.00024333011056296527,0.0009440318099223077
1826.0,0.0002446363961789757,0.0009328766609542072
1827.0,0.00025164736178703606,0.0009337269584648311
1828.0,0.0002487776023335755,0.0009543683263473213
1829.0,0.0002576324825640768,0.0009392958017997444
1830.0,0.0002484522305894643,0.000927685818169266
1831.0,0.0002528451127000153,0.0009445834439247847
1832.0,0.0002661336448509246,0.0009351199259981513
1833.0,0.0002579160768073052,0.0009301404934376478
1834.0,0.0002505960869602859,0.0009543736814521253
1835.0,0.00025083541008643804,0.0009606620878912508
1836.0,0.00025055883568711576,0.0009373676730319858
1837.0,0.00025103378016501664,0.0009204332018271089
1838.0,0.0002480010325089097,0.0009325785795226693
1839.0,0.00024880246771499516,0.0009383214637637138
1840.0,0.000249398254789412,0.0009545133798383176
1841.0,0.0002565245502628386,0.0009531043469905853
1842.0,0.0002495491247391328,0.0009521704632788897
1843.0,0.00024703931924887,0.0009314512717537582
1844.0,0.0002400128460722044,0.0009360655094496906
1845.0,0.00024302498158067465,0.0009403469739481807
1846.0,0.0002502950895577669,0.0009314481285400689
1847.0,0.00023932045861147343,0.000924430089071393
1848.0,0.00023536036571022124,0.0009196227183565497
1849.0,0.00023384791030548512,0.0009451034129597247
1850.0,0.0002352767053525895,0.0009401671122759581
1851.0,0.00023532423190772534,0.0009311622707173228
1852.0,0.00023517096252180636,0.0009636757895350456
1853.0,0.00024532678746618333,0.0009484356851316988
1854.0,0.0002511292556300759,0.0009457250707782805
1855.0,0.00024677904904820026,0.0009480055887252092
1856.0,0.00024620528821833434,0.0009646857506595552
1857.0,0.0002589000379666686,0.0009296596981585026
1858.0,0.0002472382327541709,0.0009289965964853764
1859.0,0.00024620883411262184,0.0009243938839063048
1860.0,0.0002577221398241818,0.0009277696372009814
1861.0,0.00025695694400928917,0.0009437339613214135
1862.0,0.0002608327087946236,0.00095117132877931
1863.0,0.00025801073457114396,0.000977179384790361
1864.0,0.0002500711951870471,0.0009539503953419626
1865.0,0.00024520468979608267,0.0009342090343125165
1866.0,0.0002418967658886686,0.0009282604441978037
1867.0,0.00024411717685870826,0.0009258901118300855
1868.0,0.0002448013324756175,0.0009365461301058531
1869.0,0.0002515545485075563,0.0009579111356288195
1870.0,0.00025148249487392605,0.0009559629252180457
1871.0,0.0002477982814889401,0.0009595866431482136
1872.0,0.0002462847211863846,0.0009477111743763089
1873.0,0.00024015283165499567,0.0009351109038107097
1874.0,0.00023771972861140966,0.0009218804771080613
1875.0,0.00023347349767573178,0.0009196724276989698
1876.0,0.00023627328989095985,0.0009308336884714663
1877.0,0.0002445733251515776,0.0009522797190584242
1878.0,0.0002478831356856972,0.0009176696185022593
1879.0,0.000244946627644822,0.0009216368780471385
1880.0,0.00024167320155538618,0.0009311498142778873
1881.0,0.00024182525288779288,0.0009304150007665157
1882.0,0.00023625882493797688,0.0009183012880384922
1883.0,0.00023933571437373757,0.0009178034379146993
1884.0,0.00023567338730208577,0.0009273173636756837
1885.0,0.00024666417785920204,0.0009473072132095695
1886.0,0.0002592395506799221,0.0009476236300542951
1887.0,0.00025196633953601124,0.000936725817155093
1888.0,0.0002432023179717362,0.0009398146066814661
1889.0,0.0002460056103300303,0.0009665205143392086
1890.0,0.00024618427152745426,0.0009665439138188958
1891.0,0.00024898983887396755,0.0009490175871178508
1892.0,0.00023799376841634513,0.0009358940296806395
1893.0,0.00023960561607964338,0.0009231467847712338
1894.0,0.000238083589123562,0.0009141095797531307
1895.0,0.00023218506551347674,0.0009146818774752319
1896.0,0.00023374503618106245,0.0009143349016085267
1897.0,0.00022871212277095765,0.0009156030719168484
1898.0,0.00022444437339436262,0.0009080456802621484
1899.0,0.00024175907752942293,0.000907458714209497
1900.0,0.0002342194092925638,0.0009202175424434245
1901.0,0.00023031607992015778,0.000931649818085134
1902.0,0.0002362833988154307,0.0009415859822183847
1903.0,0.00023714967409614474,0.0009702811948955059
1904.0,0.00025701200915500524,0.0009647711995057762
1905.0,0.00026760197849944235,0.0009859212441369891
1906.0,0.00026939180004410443,0.000954581773839891
1907.0,0.00026480507769156245,0.0009388906764797866
1908.0,0.0002671430301852524,0.0009600406046956778
1909.0,0.0002592526732478291,0.0009549439419060946
1910.0,0.0002663562810048461,0.0009533410193398595
1911.0,0.0002572068988811225,0.0009324572747573256
1912.0,0.00024642736837267873,0.0009643449448049068
1913.0,0.0002486264004837722,0.0009593507857061923
1914.0,0.0002452651308849454,0.0009473557001911104
1915.0,0.00024053439497947693,0.0009651121799834073
1916.0,0.00023865453130565584,0.0009397158864885569
1917.0,0.00024735204002354296,0.0009417266119271517
1918.0,0.0002563807861879468,0.0009261574014090002
1919.0,0.0002477301431354135,0.0009414716623723507
1920.0,0.0002518292758613825,0.0009422030416317284
1921.0,0.00025761629082262516,0.0009547928348183632
1922.0,0.0002712404946796596,0.0009271979797631502
1923.0,0.0002685063423123211,0.0009360092808492482
1924.0,0.0002468990976922214,0.000916449585929513
1925.0,0.00023685769084841012,0.0009262996609322727
1926.0,0.00024216861231252552,0.0009221350774168968
1927.0,0.0002325295846676454,0.0009074840345419943
1928.0,0.00022659704065881669,0.0009167591924779117
1929.0,0.00023027204803656787,0.0009285726700909436
1930.0,0.00022949256200809033,0.0009488319628871977
1931.0,0.0002322143518831581,0.0009289725567214191
1932.0,0.0002249874317785725,0.0009291595779359341
1933.0,0.0002295001862803474,0.0009458768763579428
1934.0,0.00024155405862256885,0.0009491698001511395
1935.0,0.00024012263747863472,0.0009474214748479426
1936.0,0.0002565907139796764,0.0009760669781826437
1937.0,0.00025589571124874053,0.0009471905650570989
1938.0,0.0002560718827880919,0.0009279639925807714
1939.0,0.00024188744439743458,0.0009099089656956494
1940.0,0.00023765038524288683,0.0009174757287837565
1941.0,0.00024267866113223134,0.0009299943340010941
1942.0,0.00023872784746345132,0.0009385506273247302
1943.0,0.00023852544196415693,0.000932166469283402
1944.0,0.00024657421465963127,0.0009377291426062584
1945.0,0.0002489282506285235,0.0009299106313847005
1946.0,0.0002443808582611382,0.0009165070950984955
1947.0,0.00024294271389953793,0.0009484701440669596
1948.0,0.00025115740613546224,0.0009428177145309746
1949.0,0.0002448485635686666,0.0009234072058461607
1950.0,0.0002446612764615566,0.0009277903009206057
1951.0,0.0002496807568240911,0.0009280767408199608
1952.0,0.0002489799229661003,0.0009234846220351756
1953.0,0.00024413385451771318,0.0009200623026117682
1954.0,0.0002348206586902961,0.0009020526194944978
1955.0,0.0002314770013326779,0.0009079797309823334
1956.0,0.0002410805292893201,0.000913037161808461
1957.0,0.00024178509321063756,0.0009453225648030639
1958.0,0.00023623985168524087,0.0009423848823644221
1959.0,0.00024298844439908863,0.0009208347764797509
1960.0,0.00023806130280718208,0.0009141643531620502
1961.0,0.0002360163730336353,0.0009143403149209917
1962.0,0.00023346733092330396,0.0009424906456843019
1963.0,0.00023068414453882724,0.0009271522867493331
1964.0,0.00022690687351860107,0.0009063383913598955
1965.0,0.00022584998433012517,0.00091932388022542
1966.0,0.000222861316986382,0.0009122700430452824
1967.0,0.0002255881887394935,0.0009034330141730607
1968.0,0.00022194592631421983,0.0008966692257672548
1969.0,0.00022961820662021636,0.0009141730261035264
1970.0,0.0002245073796948418,0.0009183571091853082
1971.0,0.00022678728273604066,0.0009232410229742527
1972.0,0.000229307635454461,0.0009092565160244703
1973.0,0.0002258621067740023,0.0009010964422486722
1974.0,0.0002362432808149606,0.0009033916867338121
1975.0,0.0002430685495492071,0.0009054659167304635
1976.0,0.00024022057862021029,0.0009529686067253351
1977.0,0.00024015033163595945,0.0009491975652053952
1978.0,0.0002335620536468923,0.0009178303880617023
1979.0,0.00022699450829531998,0.0009173181024380028
1980.0,0.0002274131022859365,0.0009234236786141992
1981.0,0.00023668517032638192,0.0009172745631076396
1982.0,0.00023417769337538629,0.000908457615878433
1983.0,0.0002300058795372024,0.0009156898013316095
1984.0,0.00023377819987945259,0.0009503159672021866
1985.0,0.00023239736701361835,0.0009273689356632531
1986.0,0.00023773401440121234,0.0009466756600886583
1987.0,0.0002504515605978668,0.0009495194535702467
1988.0,0.0002501241760328412,0.0009266690467484295
1989.0,0.0002441976421978325,0.0009136224980466068
1990.0,0.0002411995338043198,0.0009322427213191986
1991.0,0.0002493964657187462,0.0009274173062294722
1992.0,0.00023836036655120553,0.000954951683524996
1993.0,0.00024226500582881272,0.0009128965903073549
1994.0,0.00023639687150716783,0.0009057598654180765
1995.0,0.0002305008820258081,0.0009143425268121064
1996.0,0.00024117111950181425,0.0009211404249072075
1997.0,0.0002461155187338591,0.0009169753757305443
1998.0,0.0002460037121782079,0.0009158587781712413
1999.0,0.00023974321433342994,0.0009074237896129489
2000.0,0.0002307363679865375,0.0009146170341409743
2001.0,0.0002377491402439773,0.0009318907395936549
2002.0,0.00024497442366555334,0.000914633390493691
2003.0,0.00024167898087762297,0.0009659036877565086
2004.0,0.0002522238749079406,0.0009467261843383312
2005.0,0.0002442721473053098,0.0009332388872280717
2006.0,0.0002311996198259294,0.0009184045484289527
2007.0,0.00023373315087519585,0.0008981688879430294
2008.0,0.00022967556933872402,0.0009179901680909097
2009.0,0.00022852051607333125,0.0008999190758913755
2010.0,0.0002235382328508422,0.0008997723925858736
2011.0,0.00023070821212604642,0.000908952031750232
2012.0,0.00023123335849959404,0.0009096964495256543
2013.0,0.00022971012198831885,0.0009113703272305429
2014.0,0.0002274025739170611,0.0009018472046591341
2015.0,0.00022322106396313756,0.0008906060247682035
2016.0,0.00022613711492158473,0.0008985654567368329
2017.0,0.000223278462770395,0.0008990849601104856
2018.0,0.00023883476108312607,0.0009119940223172307
2019.0,0.00023332536779344082,0.0009221925283782184
2020.0,0.00022860788099933417,0.0009350768523290753
2021.0,0.00023374424257781355,0.00093925028340891
2022.0,0.00023453520995099096,0.0009348778985440731
2023.0,0.00023140498402062802,0.0009138647001236677
2024.0,0.00022807017876766623,0.0009154371218755841
2025.0,0.00023030589718837292,0.0009084958583116531
2026.0,0.00022842110658530146,0.0009038480347953737
2027.0,0.0002327758198371157,0.00091227435041219
2028.0,0.00024639959586784244,0.0009015998803079128
2029.0,0.00024073462199885397,0.0009088458609767258
2030.0,0.00023339583759661764,0.0009114556014537811
2031.0,0.00022954573819879444,0.0009243474924005568
2032.0,0.0002272324690129608,0.0009174708975479007
2033.0,0.00022747680149041115,0.000909208320081234
2034.0,0.00023653172492049635,0.0009063064935617149
2035.0,0.00023106994119007142,0.0009012462105602026
2036.0,0.00022317221597768365,0.0008958165417425334
2037.0,0.00022129253030288965,0.0009071985841728747
2038.0,0.0002227319593075663,0.0009117782465182245
2039.0,0.00022660470753908156,0.0008951775380410254
2040.0,0.0002152781253680587,0.0009178044274449348
2041.0,0.0002230897677363828,0.000904171378351748
2042.0,0.00022405149217229336,0.0009126618388108909
2043.0,0.00022058908373583108,0.0009111454710364342
2044.0,0.00022345961059909314,0.0009011090151034296
2045.0,0.00021453320852015168,0.0009126687655225396
2046.0,0.0002135708377463743,0.0008985506137832999
2047.0,0.00021526550175622106,0.0009109965758398175
2048.0,0.0002272961582057178,0.0009212283766828477
2049.0,0.00022984051622916012,0.0008989848429337144
2050.0,0.00023066375683993101,0.0008939687977544963
2051.0,0.0002175745036220178,0.0009045975748449564
2052.0,0.00021998799860011787,0.0009076677379198372
2053.0,0.00022270300972741097,0.0009031816734932363
2054.0,0.00022212206525728108,0.000897635763976723
2055.0,0.00022271663160063326,0.0008863637922331691
2056.0,0.00021511861390899868,0.0008888524607755244
2057.0,0.0002157956170849502,0.0008884945418685675
2058.0,0.0002242839355021715,0.0009206379181705415
2059.0,0.00023125068238005042,0.0008997023105621338
2060.0,0.0002228651159675792,0.0008981002029031515
2061.0,0.00022194029693491758,0.0008862699032761157
2062.0,0.0002260929390322417,0.0009042752790264785
2063.0,0.00022628115420229733,0.0009072046959772706
2064.0,0.00022386452136561273,0.0009081956814043224
2065.0,0.00022409512219019235,0.0009137819870375097
2066.0,0.00023161415313370526,0.0009448821656405926
2067.0,0.0002384609824512154,0.000901265419088304
2068.0,0.00023384903639089315,0.0009070077212527394
2069.0,0.00023407998494803906,0.000901024613995105
2070.0,0.0002311407928355038,0.0009062744793482125
2071.0,0.0002307302439585328,0.0009172699064947665
2072.0,0.00022483220242429524,0.0008985251188278198
2073.0,0.00022232663363683968,0.0008853031322360039
2074.0,0.0002267172926804051,0.000897213991265744
2075.0,0.0002391539044911042,0.0008895494393073022
2076.0,0.0002407127059996128,0.0009012256632559001
2077.0,0.0002281222175806761,0.000923448707908392
2078.0,0.0002333596171811223,0.0009236617479473352
2079.0,0.00023574999440461396,0.0009201529901474714
2080.0,0.0002451413800008595,0.0009093505213968456
2081.0,0.00023359487345442175,0.0009207147522829473
2082.0,0.00023000826872885226,0.0009069666266441345
2083.0,0.000230180123122409,0.0009376692469231784
2084.0,0.0002366526173427701,0.000918433303013444
2085.0,0.00022756304405629636,0.0009430204518139362
2086.0,0.00023373927059583367,0.0009327423176728189
2087.0,0.00023703203734476118,0.0009172443533316255
2088.0,0.00023728017555549742,0.0009218952618539333
2089.0,0.0002391059915535152,0.0008949358016252518
2090.0,0.00021943624317646027,0.0009180606575682759
2091.0,0.00022844029520638286,0.0009277918725274503
2092.0,0.00023229599464684724,0.0008990835631266236
2093.0,0.00022757831506896764,0.0009126366348937154
2094.0,0.0002213236646493897,0.000895676959771663
2095.0,0.000226101856213063,0.0008964049047790468
2096.0,0.00021882059960626066,0.0009008494089357555
2097.0,0.00021264423441607504,0.0008986129541881382
2098.0,0.0002122707178350538,0.0009129388490691781
2099.0,0.0002269611863885075,0.0009575872682034969
2100.0,0.00023967633047141136,0.00096539017977193
2101.0,0.00024334685516078024,0.0009609871776774526
2102.0,0.00024058485741261393,0.0009885021718218923
2103.0,0.0002460362259298563,0.0009276418713852763
2104.0,0.00023764865472912787,0.00090249307686463
2105.0,0.00022265377501025797,0.0009020606521517038
2106.0,0.00022301460104063152,0.0009010543581098318
2107.0,0.00022501264209859073,0.0009174401639029384
2108.0,0.00022182426531799137,0.0009196479804813862
2109.0,0.00022495109599549322,0.0009147087694145739
2110.0,0.00021775259729474783,0.0009186759707517922
2111.0,0.00022925743542145938,0.0009323334088549018
2112.0,0.00022886877472046762,0.0009048404172062874
2113.0,0.0002241324061760679,0.000927668297663331
2114.0,0.00022777152655180542,0.0009315196657553315
2115.0,0.00022740043082740158,0.0009070521919056773
2116.0,0.0002255784469889477,0.0009308974840678275
2117.0,0.00023943387367762625,0.0009457050473429263
2118.0,0.00024410077359061688,0.0009410337079316378
2119.0,0.00022835150815080852,0.0009070627856999636
2120.0,0.00021827641024719924,0.0009396250825375319
2121.0,0.00023043655278161168,0.0009246318368241191
2122.0,0.00023160985833965242,0.0008946041925810277
2123.0,0.00021918465779162944,0.000894474214874208
2124.0,0.0002249781853752211,0.0009103027987293899
2125.0,0.00022854958078823983,0.0009072615648619831
2126.0,0.00022886911570094525,0.0009294342598877847
2127.0,0.0002326117049669847,0.0009034535614773631
2128.0,0.00022005707386415452,0.0008956106030382216
2129.0,0.00022460378694813698,0.0009515993297100067
2130.0,0.0002451558248139918,0.0009155923617072403
2131.0,0.00022526271734386682,0.0008914847858250141
2132.0,0.00021738568099681288,0.0008925783331505954
2133.0,0.00021837227465584875,0.0009034397080540657
2134.0,0.00022688647801987827,0.0008857213542796671
2135.0,0.00021618719270918518,0.0008826652192510664
2136.0,0.00021041840594261885,0.000909906520973891
2137.0,0.0002154606491094455,0.0009192818542942405
2138.0,0.00021816750068683177,0.0009103946504183114
2139.0,0.00022597405582200735,0.0009434643434360623
2140.0,0.00023406608786899597,0.000886875088326633
2141.0,0.0002132000244455412,0.0008851224556565285
2142.0,0.00021490355697460471,0.0008873482584021986
2143.0,0.00021027313731610775,0.0008881991961970925
2144.0,0.00021067015873268248,0.0008931750780902803
2145.0,0.0002074197200126946,0.0008954057702794671
2146.0,0.00020838481874670833,0.0008872952312231064
2147.0,0.0002144406398292631,0.0008863280527293682
2148.0,0.00021793540613725782,0.0008784377132542431
2149.0,0.00021320791996549816,0.0009005368920043111
2150.0,0.00021676214679609983,0.0008973116055130959
2151.0,0.00022974653949495405,0.0009053537505678833
2152.0,0.00022496826003771275,0.0008960525738075376
2153.0,0.00021487805829383433,0.0008851957391016185
2154.0,0.00021084660664200783,0.0009103196207433939
2155.0,0.00021657247690018267,0.0009025219478644431
2156.0,0.00021697846858296542,0.0009019311983138323
2157.0,0.00021696919365786016,0.0008824712131172419
2158.0,0.00020786329417023808,0.0008848396828398108
2159.0,0.00020691626460757107,0.0009006342152133584
2160.0,0.0002075198272941634,0.0008766123792156577
2161.0,0.00020319231308531016,0.0008773854933679104
2162.0,0.00020718229690100997,0.0008970751077868044
2163.0,0.00020992600556928663,0.0009204232483170927
2164.0,0.00022188389243092387,0.000919474521651864
2165.0,0.00022973489109426738,0.0008911966579034925
2166.0,0.0002272634292021394,0.0009065289632417262
2167.0,0.00022497408965136857,0.000896359037142247
2168.0,0.00021458165964577348,0.0008827243000268936
2169.0,0.00020890514075290413,0.000872053497005254
2170.0,0.00021024219866376371,0.0008838704670779407
2171.0,0.000208032438531518,0.0008964456501416862
2172.0,0.00021632446104194968,0.000878849474247545
2173.0,0.00021154278854373842,0.0008906661532819271
2174.0,0.00021419821144081651,0.0008764708763919771
2175.0,0.00021624705113936215,0.0008817682974040508
2176.0,0.00021169447468128057,0.0008849475998431444
2177.0,0.00021641723986249418,0.0008773363661020994
2178.0,0.00020624942053109406,0.0009121951879933476
2179.0,0.00021249037177767605,0.0009076501592062414
2180.0,0.0002118028753902763,0.0008778914343565702
2181.0,0.00020901646325364708,0.0008827204583212733
2182.0,0.00020832716627046467,0.00089951854897663
2183.0,0.00021276105556171387,0.0009021504083648324
2184.0,0.00020909787830896676,0.0008755090530030429
2185.0,0.00020132543332874775,0.0008798926719464362
2186.0,0.00020980079786386341,0.0008836904307827353
2187.0,0.00021359120158012955,0.0008934731013141572
2188.0,0.00021983128041028977,0.0008903656271286309
2189.0,0.0002154693832853809,0.0009125685319304466
2190.0,0.0002162549968343228,0.0009321973193436861
2191.0,0.0002217625203775242,0.0009278166107833385
2192.0,0.0002234517125179991,0.0009035313269123435
2193.0,0.0002192883954849094,0.000871907570399344
2194.0,0.00022087548952549695,0.0008749112603254616
2195.0,0.00021187640621792524,0.0008718576282262802
2196.0,0.00020968599175103008,0.0008792090811766684
2197.0,0.00021645385399460794,0.0008957377285696566
2198.0,0.00021319150563795119,0.0008777687326073647
2199.0,0.00020423083193600177,0.0008705403306521475
2200.0,0.0002112564736744389,0.0008990071946755052
2201.0,0.00021184582205023615,0.0009128914098255336
2202.0,0.0002105590249411762,0.000899158651009202
2203.0,0.00020897638029418887,0.0008837987552396953
2204.0,0.00020692624035291375,0.0008833239553496242
2205.0,0.00021527716028504074,0.0008966039167717099
2206.0,0.0002245535918045789,0.0009265311527997255
2207.0,0.00022041972598526628,0.000906949513591826
2208.0,0.00021117235568817705,0.0009085495839826763
2209.0,0.00021976175880990923,0.0008865686831995845
2210.0,0.00020726716076023877,0.0008977315737865865
2211.0,0.00021384867513552308,0.000876507256180048
2212.0,0.0002080424539744854,0.0008763921796344221
2213.0,0.00020989681966602803,0.0008782687364146113
2214.0,0.00021190177707467228,0.0008915643556974828
2215.0,0.00021207612636499107,0.0008909702883102
2216.0,0.0002147523802705109,0.0008883822592906654
2217.0,0.00020996199373621494,0.0008870339952409267
2218.0,0.00021660654223524034,0.0008917822269722819
2219.0,0.00022083131363615394,0.0008943185675889254
2220.0,0.00022313608636613936,0.0008912780322134495
2221.0,0.00021119323594029994,0.0009040891891345382
2222.0,0.00021794448292348533,0.000906030589248985
2223.0,0.00021721020177938044,0.0009244765969924629
2224.0,0.00021655149350408465,0.0008957052486948669
2225.0,0.00021741321752779185,0.0008987592300400138
2226.0,0.00021113185805734247,0.0008961461717262864
2227.0,0.0002060046021360904,0.0008867064025253057
2228.0,0.0002022525294451043,0.0008879384258762002
2229.0,0.0002027331755962223,0.0008929791511036456
2230.0,0.00021241301263216883,0.0009095434797927737
2231.0,0.00022022053820546717,0.0009557969751767814
2232.0,0.0002208022129489109,0.0009177044848911464
2233.0,0.00020971906080376356,0.0008862182730808854
2234.0,0.00021190877014305444,0.0008773982408456504
2235.0,0.00020526368962600828,0.0008791332948021591
2236.0,0.00020490558200981468,0.0008718261960893869
2237.0,0.00020564032497350128,0.000879916304256767
2238.0,0.00021578038670122624,0.0008845921838656068
2239.0,0.0002173356747953221,0.0008963995496742427
2240.0,0.0002129154729191214,0.0008673167321830988
2241.0,0.00021889559354167432,0.0008668132941238582
2242.0,0.00021654915518593042,0.0009134360589087009
2243.0,0.0002266843100078404,0.0009152540587820113
2244.0,0.00022427155438344926,0.000906390487216413
2245.0,0.0002199749912833795,0.000898402591701597
2246.0,0.00021555254003033042,0.0008813886670395732
2247.0,0.00020751165691763163,0.0008887317962944508
2248.0,0.00020673496986273676,0.0008810932049527764
2249.0,0.00021707558538764716,0.0008766591199673712
2250.0,0.00022059353359509258,0.0008991006179712713
2251.0,0.00022455893724691124,0.0009509936789982021
2252.0,0.00023704985273070633,0.0008866083226166666
2253.0,0.00021862779057119043,0.0009017317206598818
2254.0,0.00022639910399448128,0.0008805038523860276
2255.0,0.00020827619393821805,0.0008953375509008765
2256.0,0.00021283635206054897,0.000887257803697139
2257.0,0.00021689268085174263,0.000868245551828295
2258.0,0.00021762982755899429,0.000896478712093085
2259.0,0.000219515745411627,0.0008619377040304244
2260.0,0.00021148894191719592,0.0008833889150992036
2261.0,0.00021174567670095712,0.0008776820031926036
2262.0,0.0002097979123936966,0.0008735731244087219
2263.0,0.00021295359591022133,0.0008690213435329497
2264.0,0.0002108550511766225,0.000918653910048306
2265.0,0.00021577226161025465,0.0008915517828427255
2266.0,0.00020796382485423236,0.0008935188525356352
2267.0,0.00020586089207790792,0.0008710070396773517
2268.0,0.00020901094551663846,0.0008646475616842508
2269.0,0.00020510158559773118,0.000872198143042624
2270.0,0.00020580034051090478,0.0008746737730689347
2271.0,0.00020099855598527938,0.000881973362993449
2272.0,0.00020584828068967909,0.0008784178644418716
2273.0,0.00019992721150629222,0.0008889015880413353
2274.0,0.00021008693368639798,0.0008785097161307931
2275.0,0.00020843025587964802,0.0008628056384623051
2276.0,0.00021142469195183365,0.0008837702916935086
2277.0,0.00021392425952944906,0.0008837454370222986
2278.0,0.0002186200504656881,0.0008732680580578744
2279.0,0.0002122395548503846,0.0008681557956151664
2280.0,0.00021599751291796564,0.000859592342749238
2281.0,0.00022470646840520202,0.0008995489915832877
2282.0,0.0002266548649640754,0.0009475024417042732
2283.0,0.00022883997194003314,0.0009269698639400303
2284.0,0.00022110611910466105,0.00090406573144719
2285.0,0.00020885636797174812,0.0009032449452206492
2286.0,0.00021176016912795604,0.000899030826985836
2287.0,0.00021281147398985922,0.0008908080053515732
2288.0,0.0002056104923831299,0.0008655289420858026
2289.0,0.0002036678814329207,0.000872852629981935
2290.0,0.00019801640417426824,0.0009023433085530996
2291.0,0.00020093942631501706,0.0009165631490759552
2292.0,0.00021396314771845936,0.0009239923674613237
2293.0,0.00022018265153747051,0.0008828872814774513
2294.0,0.00022246130020357668,0.0008808494894765317
2295.0,0.0002101779074873775,0.0008804243407212198
2296.0,0.00020328898157458752,0.0008706915541552007
2297.0,0.0001997422034619376,0.0008693670970387757
2298.0,0.0002008838994661346,0.0008560678688809276
2299.0,0.00020561413140967488,0.0008780178031884134
2300.0,0.0002020084133837372,0.0008833270985633135
2301.0,0.0002068045223131776,0.0008833393803797662
2302.0,0.00020775713794864714,0.0008922864217311144
2303.0,0.0002105393558740616,0.0009079834562726319
2304.0,0.00020490398607216775,0.0009210746502503753
2305.0,0.00021288726420607418,0.000873614801093936
2306.0,0.00020668982609640808,0.0008954732911661267
2307.0,0.00021450756269041448,0.0008825218537822366
2308.0,0.00021515363932121545,0.0008830800652503967
2309.0,0.00022317584126722067,0.0008874722989276052
2310.0,0.00020530214544851332,0.0008819509530439973
2311.0,0.0001992782400920987,0.0008783348021097481
2312.0,0.00019763049925677477,0.0008759307092987001
2313.0,0.00019351029302924872,0.0008673280826769769
2314.0,0.0001944185405736789,0.0008947736350819468
2315.0,0.000194222757127136,0.0008802106021903455
2316.0,0.00019041340181138365,0.0008740104385651648
2317.0,0.00019469867798034102,0.0008762922370806336
2318.0,0.0002059826352633536,0.0009021384757943451
2319.0,0.000216284487163648,0.0008910660399124026
2320.0,0.0002271227726014331,0.0008979839039966464
2321.0,0.0002132347426377237,0.0009121365146711469
2322.0,0.00021636718860827385,0.0008815110195428133
2323.0,0.0002110209446400404,0.0008807388949207962
2324.0,0.00020869650423992425,0.0009000614518299699
2325.0,0.00020840116764884442,0.0008924930589273572
2326.0,0.00020939496776554734,0.0008820194052532315
2327.0,0.00020446044695563613,0.0008825952536426485
2328.0,0.00019834688352420927,0.0008713420829735696
2329.0,0.0001995624004630372,0.0008714825962670147
2330.0,0.0001992002757033333,0.0008774125599302351
2331.0,0.00020097222551703454,0.00088024529395625
2332.0,0.00020929692953359336,0.0008683406631462276
2333.0,0.0002096836636774242,0.0008813904714770615
2334.0,0.0002120776509400457,0.0008795660105533898
2335.0,0.0002218126648804173,0.0008692207047715783
2336.0,0.0002221855486277491,0.0008667007205076516
2337.0,0.00021823107998352498,0.0008759136544540524
2338.0,0.00020518288179300725,0.0008845330448821187
2339.0,0.0002191535122692585,0.0008794907480478287
2340.0,0.00021015095489565282,0.0008902602712623775
2341.0,0.00020579590369015932,0.0009046883787959814
2342.0,0.00020461178792174906,0.0008725381921976805
2343.0,0.00019722526462282984,0.0008790562278591096
2344.0,0.00019754763203673063,0.0008904645219445229
2345.0,0.00020276852790266275,0.0008686300134286284
2346.0,0.0002020597712835297,0.0008676364086568356
2347.0,0.00020096769172232599,0.0008714008727110922
2348.0,0.00019711102417204528,0.0008843549294397235
2349.0,0.00021057888935320079,0.0008729436667636037
2350.0,0.00021056010876782238,0.0008683902560733259
2351.0,0.00020582559518516063,0.0008997367112897336
2352.0,0.00020811793545726686,0.0008855200721882284
2353.0,0.00019926027441397308,0.0008671519462950528
2354.0,0.00019360541366040708,0.0008645430789329112
2355.0,0.00019378800154663621,0.000863820721860975
2356.0,0.00019511292735114693,0.0008576142718084157
2357.0,0.00019977979571558535,0.000865106238052249
2358.0,0.00020660784584470093,0.0009192193974740803
2359.0,0.00022143047372810544,0.0009363614371977746
2360.0,0.0002267333371564746,0.0009286666754633188
2361.0,0.00023413850273936988,0.0008990176138468087
2362.0,0.00021615326299797744,0.0008805484976619482
2363.0,0.00021072112885303794,0.0008876555948518217
2364.0,0.00021324916696175932,0.0008825093973428011
2365.0,0.00021626944234594703,0.0008823488606140018
2366.0,0.00021557503496296703,0.0008703098865225911
2367.0,0.0002108906686771661,0.0008776376489549875
2368.0,0.00021795981330797077,0.0008718321332708001
2369.0,0.00020324975834228097,0.0008797064074315131
2370.0,0.00020410969760268927,0.0008946296875365078
2371.0,0.00020452207245398314,0.000880513631273061
2372.0,0.0002034284865949303,0.000876840902492404
2373.0,0.0001906498552998528,0.0008639987790957093
2374.0,0.0002017175769433379,0.0009008189081214368
2375.0,0.00020441555324941874,0.0008759722113609314
2376.0,0.0001956693606916815,0.0008972009527496994
2377.0,0.0001992832798277959,0.0008604283211752772
2378.0,0.00019297545892186464,0.0008671361138112843
2379.0,0.00020056280062999575,0.0008554441737942398
2380.0,0.00019743407831992953,0.0008835311746224761
2381.0,0.00020788025681395082,0.0008774152374826372
2382.0,0.00021829858934506775,0.0008596127154305577
2383.0,0.0002129330299794674,0.0008815619512461126
2384.0,0.00020243716205004602,0.0008727718377485871
2385.0,0.00020321688626427203,0.0008865121053531766
2386.0,0.0001979693657485768,0.0008778892224654555
2387.0,0.0001948481899453327,0.0008610785589553416
2388.0,0.00018886970542371273,0.0008653511176817119
2389.0,0.00019226193451322616,0.0008571778307668865
2390.0,0.00019189801288302987,0.0008621723973192275
2391.0,0.00019894856004975736,0.000888297741767019
2392.0,0.00019462624844163656,0.0008775904425419867
2393.0,0.0002003792414907366,0.0008556904504075646
2394.0,0.0001942256938200444,0.0008724706713110209
2395.0,0.0001922333175316453,0.0008777923649176955
2396.0,0.000195773396641016,0.0008831400191411376
2397.0,0.00020066724019125105,0.0008653962868265808
2398.0,0.00020004381681792437,0.0008708601235412061
2399.0,0.0001957670038100332,0.0008743890793994069
2400.0,0.00019857039873022586,0.000876070698723197
2401.0,0.00019516685360576957,0.0008678780286572874
2402.0,0.00019262583088129758,0.000868797127623111
2403.0,0.00019437458040192724,0.0008564225281588733
2404.0,0.00018623741110786795,0.0008583138696849346
2405.0,0.00018897006567567586,0.000872151751536876
2406.0,0.00018858608417212963,0.0008702606428414583
2407.0,0.00018983119609765708,0.0008554470841772854
2408.0,0.00019990252051502465,0.00086036795983091
2409.0,0.0001994888522895053,0.0008787030237726867
2410.0,0.0002014929532306269,0.0008927957387641072
2411.0,0.00020705361105501652,0.0008584590977989137
2412.0,0.00020184508501552045,0.0008755792514421046
2413.0,0.00021180313464719803,0.0008737993775866926
2414.0,0.0002003082751762122,0.0008850843878462911
2415.0,0.0001929661228787154,0.0008771790307946503
2416.0,0.0001897791273659095,0.0008733346476219594
2417.0,0.00019511880876962095,0.0008788965060375631
2418.0,0.00019511196378152817,0.0008750740671530366
2419.0,0.00019818250834941864,0.0008612616802565753
2420.0,0.00019933335098903625,0.0008570472127757967
2421.0,0.0001985540941823274,0.0008601337322033942
2422.0,0.0001903798528946936,0.0008724237559363246
2423.0,0.00019980564794968813,0.0008588170167058706
2424.0,0.00019595477520488203,0.0008771584834903479
2425.0,0.0001893643058137968,0.0008809113642200828
2426.0,0.00019067611545324327,0.0008981865830719471
2427.0,0.00020178219862282277,0.0008862518589012325
2428.0,0.00021188808418810367,0.0009020530851557851
2429.0,0.00021890435519162567,0.0008973195217549801
2430.0,0.00021030101424548774,0.0008768589468672872
2431.0,0.00019813860405702144,0.0008729025721549988
2432.0,0.00020096112485043705,0.0008690061513334513
2433.0,0.00018896999466232956,0.000870449875947088
2434.0,0.00019128812791313976,0.0009108614176511765
2435.0,0.00019339995586778967,0.0008814279572106898
2436.0,0.00019547250494360922,0.0008857970824465156
2437.0,0.00020200376748107373,0.0008556820685043931
2438.0,0.00019118473993148656,0.0008563633309677243
2439.0,0.00018817016459070146,0.0008530521881766617
2440.0,0.00018685654213186355,0.0008529776823706925
2441.0,0.00018317533971276133,0.0008667576476000249
2442.0,0.0001874189251102507,0.0008542894502170384
2443.0,0.00018886639084666966,0.0008663056651130319
2444.0,0.00019245584099553524,0.0008817914640530944
2445.0,0.00019357517384923994,0.000872877542860806
2446.0,0.00019642519915942101,0.0008676247671246529
2447.0,0.0001968900238862261,0.0008668296504765749
2448.0,0.00020096216886304318,0.0008622739696875215
2449.0,0.00019348418549634515,0.0008894819184206426
2450.0,0.00020474614261183888,0.0008713278220966458
2451.0,0.00021706893760710955,0.0008877736399881542
2452.0,0.0002154913932317868,0.0009165539522655308
2453.0,0.00022634940093848856,0.0009248134447261691
2454.0,0.00020669801847543568,0.0009224002133123577
2455.0,0.0002048561149276793,0.0008990599308162928
2456.0,0.00021714354353025554,0.0008712993003427982
2457.0,0.00021499805967323482,0.0008499576942995191
2458.0,0.00020068123727105558,0.0008790057036094368
2459.0,0.00020143778913188725,0.0008554257801733911
2460.0,0.00018769832828547804,0.0008611519006080925
2461.0,0.00019692985550500452,0.0008553541265428066
2462.0,0.00020027971547096967,0.0008784402743913233
2463.0,0.00020266416773665697,0.0009418951813131571
2464.0,0.0002142162957461551,0.0009345664293505251
2465.0,0.00021900484419893474,0.0008934119832701981
2466.0,0.00019679295842070133,0.0008969529299065471
2467.0,0.00020613563293591142,0.0008650388917885721
2468.0,0.0001994261898798868,0.0009142064373008907
2469.0,0.00020123592915479094,0.0008718332392163575
2470.0,0.00019221818796359003,0.0008664379711262882
2471.0,0.00019010323891416192,0.0008731436100788414
2472.0,0.00019377595651894807,0.0009072805987671018
2473.0,0.0001953663401072845,0.0008817922207526863
2474.0,0.00018889211828354747,0.0008554788073524833
2475.0,0.00018634665699210018,0.0008720798068679869
2476.0,0.0001910190423950553,0.0008635058766230941
2477.0,0.0001849272889085114,0.0008821195224300027
2478.0,0.00018798592477105557,0.0008694452699273825
2479.0,0.00018607978976797312,0.0008659196319058537
2480.0,0.00019208004558458924,0.0008764318190515041
2481.0,0.0001923361651133746,0.0008606655756011605
2482.0,0.00019220948312431574,0.0008615190745331347
2483.0,0.00019162905088160187,0.0008920120890252292
2484.0,0.00019304980093147605,0.0008716547163203359
2485.0,0.0001969665801152587,0.0008784885867498815
2486.0,0.00019869211537297814,0.0008672326221130788
2487.0,0.00018602996540721507,0.0008603039314039052
2488.0,0.00018253246170934288,0.0008645793423056602
2489.0,0.0001852427925914526,0.0008532098145224154
2490.0,0.0001841846607858315,0.000848777883220464
2491.0,0.00018834995257202536,0.0008622116292826831
2492.0,0.00019346438883803785,0.00089411495719105
2493.0,0.00020601806417107582,0.0008760622586123645
2494.0,0.00020604802016168833,0.0008903309935703874
2495.0,0.00020303020894061775,0.0008709851535968482
2496.0,0.0002041822955943644,0.0009126809309236705
2497.0,0.0002064963907469064,0.0008886058931238949
2498.0,0.00019832205132115633,0.0008938023820519447
2499.0,0.00019503729010466486,0.0008726603118702769
2500.0,0.00019590662966948003,0.0009009630302898586
