epoch,training_mse,validation_mse
1.0,0.12111815404891968,0.08781229704618454
2.0,0.07020371985435486,0.051078327000141144
3.0,0.04742644533514977,0.03899868577718735
4.0,0.037173474490642545,0.0349292978644371
5.0,0.03393382158875465,0.03272446244955063
6.0,0.03138112238049507,0.03065503016114235
7.0,0.029400529623031618,0.02937830239534378
8.0,0.02811741591989994,0.028636159375309944
9.0,0.027372946694493295,0.02816496230661869
10.0,0.02691932962834835,0.027691826224327087
11.0,0.02644526529312134,0.027195710688829422
12.0,0.026020478233695032,0.026667308062314987
13.0,0.025533250093460084,0.026192689314484596
14.0,0.02508822338283062,0.025633910670876503
15.0,0.024537016987800597,0.025195609778165817
16.0,0.024031889081001283,0.024558011442422867
17.0,0.023459607049822806,0.023938557133078575
18.0,0.02281563951075077,0.023199323564767838
19.0,0.0220273297727108,0.022380812093615532
20.0,0.02123319272696972,0.02169923484325409
21.0,0.020323569178581236,0.02073071524500847
22.0,0.019443207889795304,0.01990675739943981
23.0,0.018715549632906912,0.019206412136554718
24.0,0.018038049310445784,0.018575264140963554
25.0,0.017385575860738755,0.01789947599172592
26.0,0.01681331318616867,0.0172837246209383
27.0,0.01627148661017418,0.01670091599225998
28.0,0.015724483765661715,0.016246924176812172
29.0,0.015244140945374966,0.015660220757126808
30.0,0.01485359639674425,0.015203040093183517
31.0,0.01431147913634777,0.014789137057960033
32.0,0.013813406489789485,0.014336135238409042
33.0,0.01343627268821001,0.014095787890255451
34.0,0.013056631341576577,0.013501117937266827
35.0,0.012752233400940895,0.013098269701004028
36.0,0.012391375906765461,0.012852988205850124
37.0,0.012151332139968872,0.012567296624183655
38.0,0.011920023068785668,0.012313022278249264
39.0,0.011680455587804317,0.012190896086394787
40.0,0.011415282577276229,0.01202054787427187
41.0,0.011304003469645977,0.011784106492996216
42.0,0.011192253291606903,0.011643266305327415
43.0,0.011033827826380729,0.011473330669105053
44.0,0.010951860748231412,0.011580904945731163
45.0,0.01067716383188963,0.011153512634336948
46.0,0.010392233550548554,0.011015687137842178
47.0,0.010297222211956978,0.01069809403270483
48.0,0.009982679419219494,0.01048143021762371
49.0,0.00973678381741047,0.010326702147722244
50.0,0.009559486739337444,0.01015483308583498
51.0,0.009357794106006623,0.009908913634717464
52.0,0.009196428164839744,0.00975470244884491
53.0,0.00902584071457386,0.009527795948088169
54.0,0.00883551150560379,0.009595109149813652
55.0,0.008652900442481041,0.00921686366200447
56.0,0.00842125479876995,0.00903449859470129
57.0,0.008288797922432423,0.008798301219940186
58.0,0.008022798955440521,0.008552029728889465
59.0,0.007839075323194266,0.008424695581197739
60.0,0.007724629152566194,0.008252082392573357
61.0,0.007519248079508543,0.008093629963696003
62.0,0.007406623881310225,0.008055615238845348
63.0,0.0073421792909502985,0.00792856328189373
64.0,0.00727699251100421,0.007668559905141592
65.0,0.007041065335273743,0.007596035022288561
66.0,0.006854563076049089,0.007464718073606491
67.0,0.006783322684466839,0.007304840721189976
68.0,0.006645801521837712,0.007178589701652527
69.0,0.006503239009529352,0.007007837761193514
70.0,0.0063789040185511115,0.006977112498134375
71.0,0.006261861342936754,0.006724113132804632
72.0,0.006136922102421522,0.006564215756952763
73.0,0.006028788361698389,0.006576232146471739
74.0,0.005948963895440101,0.006420012563467026
75.0,0.0058736450225114825,0.006378541700541973
76.0,0.005754904333502054,0.006118493154644966
77.0,0.005594678469002247,0.006034466437995434
78.0,0.005543702378869057,0.0059613995254039764
79.0,0.005402926351875067,0.005846379790455103
80.0,0.005334619279950857,0.0059805577620863914
81.0,0.005285542663186788,0.006079830229282379
82.0,0.005265714604407549,0.005539117380976677
83.0,0.005024928074330091,0.005482013802975416
84.0,0.0049447276405990125,0.00543938996270299
85.0,0.004853741727769375,0.005232056602835655
86.0,0.004704224925488234,0.005232718773186207
87.0,0.0046303668208420275,0.005053964909166098
88.0,0.004534332875162363,0.005143753252923489
89.0,0.004496271718293429,0.004951965529471636
90.0,0.004403392728418112,0.004929388407617807
91.0,0.004366459488868713,0.0047531952150166035
92.0,0.004222358614206314,0.004646945744752884
93.0,0.004107155334204435,0.004595310427248478
94.0,0.004078640239313245,0.004533122293651104
95.0,0.004023924812674522,0.004455819260329008
96.0,0.0039613921828567985,0.004431568551808596
97.0,0.0038532349597662687,0.0043055955320596695
98.0,0.0037882261518388987,0.004207532852888107
99.0,0.003681663431227207,0.004173800814896822
100.0,0.0036690926402807235,0.004108537454158068
101.0,0.0036165987271815536,0.004000416491180658
102.0,0.003530068930238485,0.003941325005143881
103.0,0.0034102449882775546,0.003830689238384366
104.0,0.0033722162265330553,0.003873416455462575
105.0,0.0033425338454544542,0.003813694231212139
106.0,0.003321567354723811,0.003781838808208704
107.0,0.003255616649985313,0.003664870746433735
108.0,0.0031983355842530726,0.0035736928693950176
109.0,0.003132589666172862,0.0035199373960494995
110.0,0.0030609392765909432,0.003525230335071683
111.0,0.0030096817407757044,0.0034016526769846678
112.0,0.0029500483982264998,0.0034134150482714176
113.0,0.0028831603173166513,0.0033232965506613255
114.0,0.0028441521916538477,0.0032484012190252542
115.0,0.0027862518317997454,0.003240281715989113
116.0,0.0027468873858451843,0.0031850028317421675
117.0,0.0026928002182394265,0.00314587471075356
118.0,0.002644649788737297,0.003048873972147703
119.0,0.0026048497296869756,0.0030586638022214174
120.0,0.002626462860032916,0.003382318653166294
121.0,0.002668723652139306,0.0030328419525176287
122.0,0.0025066665820777418,0.0029285524506121874
123.0,0.002453763013705611,0.002930594142526388
124.0,0.0024441755786538126,0.0028439010493457317
125.0,0.0024101945646107198,0.00284911529161036
126.0,0.0023916783835738896,0.0028346104081720114
127.0,0.0023514099791646006,0.0027473915833979845
128.0,0.002292677966877818,0.002739751012995839
129.0,0.002263462098315358,0.002697387710213661
130.0,0.002206248499453068,0.0026441405061632395
131.0,0.0021812912337481976,0.0026443179231137037
132.0,0.0021956833358854053,0.0027025826275348663
133.0,0.002217788441106677,0.0025899505708366632
134.0,0.002197196193039417,0.0025639976374804974
135.0,0.002196568850427866,0.0025092861615121365
136.0,0.002089510601013899,0.0025037024170160294
137.0,0.002045570429414511,0.0024262075312435627
138.0,0.002041649432852864,0.0024355794303119183
139.0,0.0019949939362704752,0.0024337151553481817
140.0,0.0019928097911179068,0.002428589155897498
141.0,0.0019859130140393974,0.002399544697254896
142.0,0.0019574147146195174,0.0023279371671378613
143.0,0.0019177716840058565,0.002404553582891822
144.0,0.0019320610631257296,0.0022480892948806286
145.0,0.0019129912396892905,0.002260396024212241
146.0,0.0018635692838579415,0.0022805952467024326
147.0,0.0018636201033368706,0.002231972524896264
148.0,0.0018045567432418467,0.0022186427377164364
149.0,0.0017710373951122164,0.0021390370093286037
150.0,0.0017600103141739965,0.0021671890281140804
151.0,0.0017963864542543887,0.0021726847626268864
152.0,0.0017543406039476394,0.002143355319276452
153.0,0.0017701362678781152,0.0021221996285021305
154.0,0.0017668448826298117,0.002065661596134305
155.0,0.001702625397592783,0.0020748076494783163
156.0,0.0016725612608715892,0.0021165471989661455
157.0,0.0017060751058161259,0.0020692567341029644
158.0,0.001664227981120348,0.0020230552181601524
159.0,0.0016538958987221122,0.0020414749160408974
160.0,0.0016433418234810234,0.0019730995409190655
161.0,0.001637460732832551,0.002004626439884305
162.0,0.001629881303757429,0.0019290406489744782
163.0,0.0016028990959748627,0.0020502032712101936
164.0,0.0016082933843135833,0.0019578924402594566
165.0,0.0015779775436967612,0.0019259843975305557
166.0,0.001544775715097785,0.0019604430999606848
167.0,0.0015598635729402303,0.0018741254461929202
168.0,0.0015209879018366337,0.001876839785836637
169.0,0.0015219497513025999,0.0018983269110321999
170.0,0.0015083953384310007,0.001941925031132996
171.0,0.0015243673091754318,0.001844220096245408
172.0,0.0014549320098012687,0.001793392701074481
173.0,0.001440029289573431,0.0018343150150030851
174.0,0.001444143895059824,0.0017740573966875672
175.0,0.0014325485043227672,0.001781134633347392
176.0,0.0014061621436849236,0.0017674610717222095
177.0,0.0014085841067135335,0.0018082469468936324
178.0,0.0014215809861198067,0.0017489177407696843
179.0,0.0014219411816447974,0.0017657524440437555
180.0,0.0014145490042865277,0.0017624370520934463
181.0,0.0014084033938124775,0.001801587757654488
182.0,0.001399451012723148,0.0017351810820400715
183.0,0.0013694469137117266,0.0016953216399997473
184.0,0.001347382758744061,0.0017246776260435581
185.0,0.0013337794411927462,0.0016523012891411781
186.0,0.0013219605684280395,0.0017055016942322254
187.0,0.0013280126769095659,0.0016547151608392596
188.0,0.0013263495154678822,0.001654388033784926
189.0,0.001324343517422676,0.0016613417537882924
190.0,0.0013332716627046466,0.0016770852962508798
191.0,0.0013108830945566296,0.001664069714024663
192.0,0.0013284034868702292,0.0016770133515819907
193.0,0.0013031850531697274,0.0016038899775594473
194.0,0.0012794570177793504,0.0016214213101193309
195.0,0.001261301434598863,0.0016180466627702117
196.0,0.0012709939423948527,0.0016065000090748072
197.0,0.0012774191154167056,0.0016240691766142845
198.0,0.001281300885602832,0.0016322594601660967
199.0,0.0012859175177291036,0.0016285069286823273
200.0,0.0012845961311832071,0.0016070123529061675
201.0,0.0012562830727547408,0.0015577345620840788
202.0,0.001231290458701551,0.001563906203955412
203.0,0.0012437221435829997,0.001567173982039094
204.0,0.0012204729272052646,0.0015334556810557842
205.0,0.0012142311055213214,0.0015515295090153813
206.0,0.0012267218139022588,0.0015132263069972396
207.0,0.0011978612812235951,0.0015230115968734026
208.0,0.0012033910378813743,0.0015119437593966722
209.0,0.0011844958467409014,0.0014922954142093658
210.0,0.001181343587115407,0.0014820684446021914
211.0,0.0011895328890532254,0.0015611909329891205
212.0,0.0011840410977602006,0.0015021638246253133
213.0,0.0011789820855483413,0.0014570204075425863
214.0,0.0011520970277488231,0.0014467975124716759
215.0,0.0011387067958712577,0.0014570390339940786
216.0,0.0011368064340204,0.0014563172589987516
217.0,0.0011483154837042093,0.0014540799893438816
218.0,0.001152770702727139,0.0014876757049933076
219.0,0.0011365947229787707,0.0014376650797203183
220.0,0.0011273140506818892,0.0014661571476608515
221.0,0.001106826614588499,0.0014721147017553449
222.0,0.0011198933534324169,0.0014758807374164462
223.0,0.001140572775155306,0.001411879318766296
224.0,0.001130542795173824,0.001476313336752355
225.0,0.0011450815489515661,0.0014155263779684901
226.0,0.0010894123306497932,0.0013808236690238118
227.0,0.0010710912803187965,0.0013665584847331047
228.0,0.0010604743454605341,0.001403154106810689
229.0,0.001080620071850717,0.0014810244319960475
230.0,0.0010850935466587544,0.0014043956762179732
231.0,0.001081652141176164,0.001351656741462648
232.0,0.0010576631352305413,0.0014103191206231713
233.0,0.0011001959349960088,0.0014328743563964963
234.0,0.0011477446472272278,0.0014402220258489251
235.0,0.0011088810227811337,0.0014019978698343039
236.0,0.0010832575922831893,0.0013663022546097636
237.0,0.0010861184680834412,0.0014792635338380933
238.0,0.0011036860551685095,0.0014519609976559877
239.0,0.0010796672133728863,0.0014030339661985636
240.0,0.0010609499476850032,0.001411259057931602
241.0,0.001043342330493033,0.0013276307145133615
242.0,0.0010413869991898537,0.0013553467579185963
243.0,0.0010343524636700749,0.001343891373835504
244.0,0.0010172355622053147,0.0013193077174946666
245.0,0.0009947735564783216,0.0013119057985022664
246.0,0.0009983080071397125,0.0013001981424167752
247.0,0.000988036931026727,0.0013469983823597431
248.0,0.0010201508859172463,0.001336840447038412
249.0,0.0010188207319006325,0.001365809584967792
250.0,0.0010084005710668863,0.0013058003969490528
251.0,0.0009979703957214952,0.001329379272647202
252.0,0.001005252887494862,0.001301696989685297
253.0,0.0009925062078982591,0.0012898570857942104
254.0,0.0009724160404875875,0.0013020981568843126
255.0,0.0009896486741490663,0.0013307025656104088
256.0,0.0010180712947621942,0.0012847338803112507
257.0,0.0009895040737465024,0.0012849748600274324
258.0,0.0009786555031314492,0.0013463126961141825
259.0,0.0010121459309011698,0.001321981311775744
260.0,0.0010106147872284055,0.0013042727950960398
261.0,0.0009969571558758616,0.0013412395492196083
262.0,0.0009771804800257087,0.0012771125184372067
263.0,0.0009958486347459257,0.0013470343546941876
264.0,0.0009634706848300993,0.00128888466861099
265.0,0.0009464663714170456,0.0012660663342103362
266.0,0.0009274908760562539,0.001219764701090753
267.0,0.0009564322889782488,0.0012960429303348064
268.0,0.0009593156613409519,0.0012536857975646853
269.0,0.0009224994843825698,0.001230336376465857
270.0,0.0009274778850376606,0.0012145749060437083
271.0,0.0009215896879322826,0.0012222592486068606
272.0,0.0009399167825467885,0.001225656596943736
273.0,0.0009310493879020214,0.001225657993927598
274.0,0.0009477825895883142,0.0012153066927567124
275.0,0.0009254103051498532,0.0012105260975658894
276.0,0.0009101759381592273,0.00121295393910259
277.0,0.0009087478672154248,0.0012383669381961226
278.0,0.0009256845600903034,0.0011942274868488312
279.0,0.0009211989361792803,0.001252371584996581
280.0,0.0009160291096195579,0.001245075953193009
281.0,0.0009013918535783887,0.0011992920190095901
282.0,0.0008993485444225371,0.0012207766994833946
283.0,0.0009279867219738662,0.0012629315024241805
284.0,0.000941962962038815,0.0012996639125049114
285.0,0.0009568996615707874,0.001170515432022512
286.0,0.0009212670354172588,0.0013265032321214676
287.0,0.0009448037720285356,0.001185559667646885
288.0,0.0009253591089509427,0.0012131327530369163
289.0,0.000880283331964165,0.001186827546916902
290.0,0.0008941770042292774,0.001192625262774527
291.0,0.000885126322042197,0.00118170992936939
292.0,0.0008679886944591999,0.0011723084608092904
293.0,0.0008812796673737467,0.0012314070481806993
294.0,0.0008914303933270275,0.0011833810713142157
295.0,0.000889164574444294,0.0012347400188446045
296.0,0.0009187361327931285,0.0011904705315828323
297.0,0.0008822499956004322,0.001163461129181087
298.0,0.0008494362737983465,0.0012025348842144012
299.0,0.0008625866547226906,0.0011569384951144457
300.0,0.0008773264554329216,0.001242540660314262
301.0,0.0008927849265746772,0.0011477876687422395
302.0,0.0008536563431844115,0.0011963935103267431
303.0,0.0008515624599531293,0.0011327823158353567
304.0,0.0008524496685713529,0.0011512802448123693
305.0,0.0008388441484421491,0.0011281818151474
306.0,0.0008459520069882273,0.0012430300703272223
307.0,0.000843440692871809,0.0011379732750356197
308.0,0.0008301967233419418,0.0011659878073260188
309.0,0.0008517767102457583,0.0011616367846727371
310.0,0.0008397682970389724,0.001135688042268157
311.0,0.0008260051184333861,0.001122962450608611
312.0,0.0008300687056034804,0.0011272369883954525
313.0,0.0008259659660980105,0.0011387213598936796
314.0,0.0008216961328871549,0.0011078440584242344
315.0,0.0008166204933077097,0.0011331718415021896
316.0,0.000815888580866158,0.0011068793246522546
317.0,0.0007985471310093999,0.001148719573393464
318.0,0.0008015789547935129,0.0011236817808821797
319.0,0.0008273100354708731,0.0011634189868345857
320.0,0.0008314327006228268,0.0011294998694211245
321.0,0.0008172853821888566,0.0011213540565222502
322.0,0.0008173487866297365,0.0010894753504544497
323.0,0.0008001882331445813,0.0010995871853083372
324.0,0.0007979538715444506,0.0010860614711418748
325.0,0.0007981267990544438,0.0011009882437065244
326.0,0.0007883133478462696,0.001087058219127357
327.0,0.0007987102032639086,0.001107858493924141
328.0,0.0007889328561723233,0.0010820174356922507
329.0,0.0007763113109394908,0.0010717530967667699
330.0,0.0007733990866690874,0.0010803533950820565
331.0,0.0007839355976320804,0.0011762372450903058
332.0,0.0007949200575239956,0.001064990647137165
333.0,0.0007686310149729252,0.0010698342230170965
334.0,0.0007688492797315121,0.0010723087470978498
335.0,0.0007628650651313365,0.0010577758075669408
336.0,0.0007799332453869283,0.0011201739544048905
337.0,0.0008011063514277339,0.0011822262313216925
338.0,0.0007918416564352811,0.0010433961870148778
339.0,0.0007620709864422679,0.0010490806307643652
340.0,0.0007679967349395156,0.0010747945634648204
341.0,0.0007711822367273271,0.0010808594524860382
342.0,0.0007545726774260402,0.0010655706282705069
343.0,0.0007462468505837023,0.001062312861904502
344.0,0.0007625085469335317,0.0010414895368739963
345.0,0.0007449367591179908,0.001036300091072917
346.0,0.0007413046429865062,0.0010327239288017154
347.0,0.0007590806912630796,0.0010909828124567866
348.0,0.0007554997471161186,0.0010660639964044094
349.0,0.0007831040075980127,0.0011087791062891483
350.0,0.0007960235304199159,0.0010441425256431103
351.0,0.0007660433300770819,0.0010762532474473119
352.0,0.0007674642456695438,0.001078661298379302
353.0,0.0007611601678654551,0.0010909483535215259
354.0,0.0007783325868658722,0.0011023666011169553
355.0,0.0007932149898260832,0.0010632016928866506
356.0,0.0007803609608672559,0.001146723865531385
357.0,0.0007823021290823817,0.0010160069214180112
358.0,0.0007550932499580085,0.0010734964162111282
359.0,0.0007467017583549023,0.0010385941714048386
360.0,0.0007507052426226437,0.001067027566023171
361.0,0.0007481398498639465,0.0010880421614274383
362.0,0.0007587533695623278,0.0010881922207772732
363.0,0.0007532239761203528,0.0010191131150349975
364.0,0.0007399878110736608,0.0010225758887827396
365.0,0.0007442979626357555,0.0010276753455400467
366.0,0.000741946266964078,0.0010320763103663921
367.0,0.0007429958987049759,0.0010574616026133299
368.0,0.0007649308838881552,0.0010435888543725014
369.0,0.0007367519647814334,0.0010194303467869759
370.0,0.0007250014054588973,0.0010407320223748684
371.0,0.0007582001169212162,0.0010562327224761248
372.0,0.0007244404964148999,0.0010210232576355338
373.0,0.0007071846853941679,0.0010104709072038531
374.0,0.0007092780317179859,0.001008391147479415
375.0,0.0007098063528537751,0.001069917343556881
376.0,0.0007317992853932083,0.0010105576366186142
377.0,0.0007146090087480843,0.0010109673021361232
378.0,0.0007069087629206479,0.0010309872450307012
379.0,0.0007203847062774003,0.0010158768855035305
380.0,0.0007248131902888417,0.0010614285711199045
381.0,0.0007240760806016624,0.001034636632539332
382.0,0.000732504281681031,0.0010249719489365816
383.0,0.0007437470979057252,0.0010468012187629938
384.0,0.0007271193317137659,0.00103604921605438
385.0,0.0007173814540728927,0.0009904494509100914
386.0,0.0007133333329111338,0.0009725797572173178
387.0,0.000726612860802561,0.0010605247225612402
388.0,0.0007440713457763195,0.0010408801026642323
389.0,0.0006982638244517148,0.0009626789833419025
390.0,0.000676288649905473,0.0009939814917743206
391.0,0.0006885500960052013,0.0009843178559094667
392.0,0.0006769741643220187,0.0009576636366546154
393.0,0.0006916329790838063,0.0009873282397165895
394.0,0.0006913399999029934,0.0009772570338100195
395.0,0.0007094898573122919,0.0009661871008574963
396.0,0.0006915044328197837,0.001064217183738947
397.0,0.0007226989329792559,0.0010646100854501128
398.0,0.0006994208223186434,0.000992806744761765
399.0,0.0006884255805052816,0.000984478509053588
400.0,0.000674778874963522,0.0009632919100113213
401.0,0.0006758817648515105,0.0009879260323941708
402.0,0.000667111471761018,0.0009646227699704468
403.0,0.0006670068670064211,0.000952242873609066
404.0,0.0006626972765661776,0.0009506068308837712
405.0,0.0006674645626917481,0.0009617505711503327
406.0,0.000654714890755713,0.0009578144527040422
407.0,0.0006592465997673571,0.0009583396022208035
408.0,0.0006849930398166179,0.0009696229826658964
409.0,0.0006797797014005482,0.0009718936053104699
410.0,0.0006989499111659824,0.0010349377989768982
411.0,0.0006865082886070013,0.0009396698442287743
412.0,0.0006454532966017723,0.0009363006101921201
413.0,0.0006469078958034516,0.0009339843527413905
414.0,0.0006619885633699596,0.0009518536971881986
415.0,0.0006523125008679926,0.0009466779883950949
416.0,0.0006408516527153552,0.0009201089851558208
417.0,0.0006428926261141896,0.0009414847590960562
418.0,0.0006399854496121406,0.0009436212130822241
419.0,0.0006500457399524749,0.0009322450496256351
420.0,0.0006368489805608988,0.0009454393875785172
421.0,0.0006375344693660736,0.0009690694278106093
422.0,0.0006854901192709803,0.0009889384964480996
423.0,0.0006678559025749564,0.0009317180374637246
424.0,0.0006381767489947378,0.0009245271212421358
425.0,0.0006550251287408173,0.0009546334040351212
426.0,0.0006858349107205868,0.0009648620034568012
427.0,0.0006507301335223019,0.0009471813100390136
428.0,0.0006425122721120715,0.0009521071915514767
429.0,0.000633407027926296,0.0009199305204674602
430.0,0.0006592626376077532,0.0009290232555940747
431.0,0.0006477753473445773,0.0009332677582278848
432.0,0.0006331369704566896,0.0009045209153555334
433.0,0.0006440252149477601,0.0009028208442032337
434.0,0.0006157196396961808,0.000904954329598695
435.0,0.0006356969242915511,0.0009136209264397621
436.0,0.0006306188055314124,0.0009131534607149661
437.0,0.0006221700087189674,0.0009236671612598002
438.0,0.000631281943526119,0.0009475118131376803
439.0,0.0006307045361027122,0.0009090741514228284
440.0,0.000615544059779495,0.0009062037570402026
441.0,0.0006168439574539661,0.0009258274803869426
442.0,0.0006154423388652503,0.0009155370062217116
443.0,0.0006127226315438747,0.0009197738254442811
444.0,0.0006164269051514566,0.0009013843955472112
445.0,0.0006444551078602672,0.0009213681914843619
446.0,0.0006322440318763256,0.0008992294897325337
447.0,0.0006100054322741926,0.0009187652030959725
448.0,0.0006102728578262031,0.0009022232843562961
449.0,0.0006231178916059434,0.0008930633193813264
450.0,0.0006013327431865037,0.0008897288935258985
451.0,0.0006000643717125058,0.0009172627469524741
452.0,0.000624161705840379,0.0009662860538810492
453.0,0.0006361841396428645,0.0008835018379613757
454.0,0.0006243571727536618,0.0008728557731956244
455.0,0.0006242766636423766,0.0009296629577875137
456.0,0.0006635311837308109,0.0009804422734305263
457.0,0.0006794296763837338,0.000922948238439858
458.0,0.00063430917263031,0.00095221126684919
459.0,0.0006243756967596709,0.0009467067429795861
460.0,0.0006296575963497162,0.0008816290064714849
461.0,0.0006231459132395685,0.000908062094822526
462.0,0.0006158689819276333,0.0008759836200624704
463.0,0.0006113565997220576,0.0008984518935903907
464.0,0.0006060961498878896,0.0009074151748791337
465.0,0.000601681875064969,0.0008881943067535758
466.0,0.0005828143139369786,0.0008924570865929127
467.0,0.000601649188902229,0.0008795674075372517
468.0,0.0006006225915625691,0.0008790784049779177
469.0,0.0005906180161982774,0.0008752580033615232
470.0,0.0005936025325208903,0.0008619891596026719
471.0,0.0005968457194976508,0.0008956879610195756
472.0,0.0006117682633921504,0.0009001738508231938
473.0,0.0005928515330888331,0.0008734787697903812
474.0,0.0005860380181111395,0.0008773699519224465
475.0,0.0005857145539484918,0.0008656381978653371
476.0,0.0005928097665309906,0.0008743169601075351
477.0,0.0005981673393398524,0.0009061472956091166
478.0,0.0005950349862687289,0.000868084782268852
479.0,0.0006092947018332779,0.0009367705788463354
480.0,0.0006046699592843652,0.0008613280369900167
481.0,0.0005830896096304059,0.0008747757528908551
482.0,0.0005778392399661243,0.0009106933721341193
483.0,0.0005814934461377561,0.000892629090230912
484.0,0.0005914492323063314,0.000955853727646172
485.0,0.0006298293345607817,0.0009617600589990616
486.0,0.0006071762489154935,0.0009047752828337252
487.0,0.0005824767332524061,0.0009039926226250827
488.0,0.0005907672755420208,0.0008754308801144361
489.0,0.0005909692677669227,0.000894472817890346
490.0,0.0006021630610339344,0.0008781311335042119
491.0,0.0005895361518487334,0.0008616206469014287
492.0,0.0005790314408950508,0.0008328258991241455
493.0,0.0005689920596778393,0.000845087633933872
494.0,0.0005825062366202474,0.0008322697831317782
495.0,0.0005684264181181789,0.0008593647507950664
496.0,0.0005754564083181321,0.0008748412947170436
497.0,0.0005871916655451059,0.0008869332959875464
498.0,0.0006048602019436657,0.0009384698350913823
499.0,0.0006270313854329289,0.0010393933625891805
500.0,0.0006307483408600091,0.0009808418108150363
501.0,0.0005966166625730693,0.0009002177393995225
502.0,0.0005776039659976959,0.0008862055256031454
503.0,0.0005838239500299096,0.0008543943986296654
504.0,0.000580707065295428,0.0008112270152196288
505.0,0.0005718388385139405,0.0008325380622409284
506.0,0.0005656887693330645,0.0008392836316488683
507.0,0.0005506898611783982,0.0008557860855944455
508.0,0.0005632406957447528,0.0008642090833745897
509.0,0.0005705683240666985,0.0008514508372172713
510.0,0.0005747722168453037,0.0008656915160827339
511.0,0.0005777029884047806,0.0008503742865286767
512.0,0.0005606133709661663,0.0008558373665437102
513.0,0.0005485367849469185,0.0008317812462337315
514.0,0.0005538746020756662,0.000826006755232811
515.0,0.0005527562042698264,0.0008422233513556421
516.0,0.0005473633599467576,0.0008096988312900066
517.0,0.0005370106222108007,0.0008230527746491134
518.0,0.0005304212137125432,0.0008048734162002802
519.0,0.0005318405567668378,0.0008841413073241711
520.0,0.0005540151582099497,0.0008312723366543651
521.0,0.000555955620482564,0.0008220986928790808
522.0,0.0005287295379675925,0.000813338381703943
523.0,0.0005395433125086129,0.0008186642662622035
524.0,0.0005425944826565683,0.0008144802995957434
525.0,0.0005374089260585606,0.0008593922830186784
526.0,0.0005331127536483109,0.0008076640078797936
527.0,0.0005345467021688819,0.0008316871826536953
528.0,0.0005475412528030575,0.0008287964737974107
529.0,0.0005515814125537872,0.0008954136283136904
530.0,0.0005426698380615562,0.0007985853007994592
531.0,0.0005158551232889295,0.0008168225176632404
532.0,0.0005321659031324088,0.0008131028153002262
533.0,0.0005337766390293837,0.0008318151813000441
534.0,0.0005289820120669901,0.0008257860317826271
535.0,0.0005323687163181602,0.000824505987111479
536.0,0.0005402818145230412,0.0008312560385093093
537.0,0.0005305660434532911,0.0008239828748628497
538.0,0.0005346859558485449,0.0008207332575693727
539.0,0.0005315979300066829,0.0008304079528898001
540.0,0.0005288095194846392,0.0007924499223008752
541.0,0.0005150335095822811,0.0008125290041789412
542.0,0.0005299993087537586,0.0008226492209360003
543.0,0.0005319791003130376,0.0008165617473423481
544.0,0.0005346925533376634,0.000838488049339503
545.0,0.0005366622284054757,0.0008265989599749446
546.0,0.0005354358749464155,0.0008498332463204861
547.0,0.0005308098816312849,0.0007948814891278744
548.0,0.0005165003458969295,0.0008182060555554926
549.0,0.0005299554406665265,0.000846457201987505
550.0,0.0005568060469813645,0.0008448935695923865
551.0,0.000526855940464884,0.0008365328540094197
552.0,0.000533659178763628,0.0008367629488930106
553.0,0.0005336451926268637,0.0007930085994303226
554.0,0.0005021701250225305,0.0007843968342058361
555.0,0.0005058560953475535,0.0007731849327683449
556.0,0.0005074607878923416,0.0007960018119774759
557.0,0.0005123824714682997,0.0007930260617285967
558.0,0.0005369289265945554,0.0008142044534906745
559.0,0.0005824239640496671,0.0008147668559104204
560.0,0.0005560488980263471,0.0008108941256068647
561.0,0.000576317791827023,0.0008728887187317014
562.0,0.0005569332605227828,0.0008205028716474771
563.0,0.0005098931645043194,0.0008447046857327223
564.0,0.0005381315983831882,0.000815979263279587
565.0,0.0005372897763736546,0.0008069874602369964
566.0,0.0005265392884612084,0.0007944403914734721
567.0,0.000506253526546061,0.0007914110319688916
568.0,0.0005013479369226843,0.0007658009417355061
569.0,0.00051040117489174,0.000857546110637486
570.0,0.0005392504720948637,0.0007860487676225603
571.0,0.0005137490183115005,0.0008224070188589394
572.0,0.0005045776893384755,0.0007943167584016919
573.0,0.0004999416312202811,0.0007714806706644595
574.0,0.0004969331177417189,0.000777255860157311
575.0,0.0005012550372630358,0.0007866162341088057
576.0,0.0005096648414619267,0.0007674809312447906
577.0,0.0005074994533788413,0.0008111270726658404
578.0,0.0005024624583311379,0.0007696098182350397
579.0,0.0004942658226937056,0.0007990074227564037
580.0,0.0005067328563891351,0.0008200616575777531
581.0,0.0005255321175791323,0.0007840180769562721
582.0,0.0004964933400042355,0.000833418220281601
583.0,0.0005066430787555873,0.0007689683698117733
584.0,0.0004933141926303506,0.0007965356926433742
585.0,0.0004895073431544005,0.0007901034550741315
586.0,0.00048763616615906356,0.0008032628684304655
587.0,0.0005044810802210122,0.0007946317782625556
588.0,0.0004893100033514201,0.0007860299083404243
589.0,0.0005008483696728944,0.0008125701569952071
590.0,0.0004872952625155449,0.0007797267171554267
591.0,0.0004747623070143163,0.0007669203914701939
592.0,0.0004804067718796432,0.0007613830384798348
593.0,0.0004906046856194735,0.0007525681285187602
594.0,0.00048167934408411384,0.0007549498695880175
595.0,0.0004915284477174282,0.0008407254354096949
596.0,0.0005241032866761088,0.0007760287262499332
597.0,0.0004993986133486032,0.0007589787128381431
598.0,0.0004866614514030516,0.0007760794833302498
599.0,0.0004928598618134856,0.0007505257963202894
600.0,0.0004928384465165436,0.0008013645419850945
601.0,0.0004942301318515092,0.0007494879537262022
602.0,0.0004985368906054645,0.000773438427131623
603.0,0.0004832113168668002,0.0007870193803682923
604.0,0.00048150248592719434,0.0007787315407767892
605.0,0.000474934708327055,0.0007497374317608774
606.0,0.0004708405723795295,0.0007565846317447722
607.0,0.00048455094592645765,0.000753294094465673
608.0,0.0004985006735660135,0.0007599050877615809
609.0,0.000497334357816726,0.0007668988546356559
610.0,0.0005151773435063661,0.0007964929682202637
611.0,0.00048563385754823687,0.0007885563536547124
612.0,0.0004826723439618945,0.0007780225714668632
613.0,0.00048801193595863877,0.0007690235506743193
614.0,0.0004806151548400521,0.0007416092557832599
615.0,0.00046417002542875705,0.0007485392270609736
616.0,0.0004834005765151232,0.0007517167250625789
617.0,0.000495917777530849,0.0007517670164816082
618.0,0.0004804622200317681,0.0007997915963642299
619.0,0.0004829074207227677,0.000759888265747577
620.0,0.00048114684224128724,0.0008119902340695262
621.0,0.0004940050628501922,0.000780279457103461
622.0,0.0004781267559155822,0.0007739248685538769
623.0,0.0004699708069674671,0.000721375341527164
624.0,0.00047602287726476787,0.0007633854984305799
625.0,0.00046157815167680385,0.0007405314827337861
626.0,0.00045919963624328373,0.0007445511291734874
627.0,0.0004588086223229766,0.0007296429248526692
628.0,0.00045818769256584347,0.0007481047650799155
629.0,0.0004593104673549533,0.0008030550670810044
630.0,0.0004810803185682744,0.0007770324591547251
631.0,0.00046509720385074616,0.0007378362352028489
632.0,0.00047663122485391797,0.0007640451076440513
633.0,0.00047365701431408523,0.0007612648769281805
634.0,0.00046527620195411146,0.0007289627101272345
635.0,0.0004527908957097679,0.0007370521780103445
636.0,0.0004455679466482252,0.0007865271181799471
637.0,0.00046289239777252077,0.000762816343922168
638.0,0.00048047060146927834,0.0007751936209388077
639.0,0.00047904277965426443,0.0007394605199806392
640.0,0.000470122086815536,0.0007560435333289206
641.0,0.0004982305974699557,0.0007804190390743315
642.0,0.0004948209649883211,0.000741784751880914
643.0,0.00046521919686347247,0.0007514808676205575
644.0,0.0004505179761908948,0.0007341972668655217
645.0,0.0004575542074162513,0.0007362454780377448
646.0,0.00045962937688454985,0.0007385103381238878
647.0,0.00046055044140666724,0.0008489500032737851
648.0,0.0004979750311467797,0.0007507097325287759
649.0,0.00047305492451414464,0.000748676888179034
650.0,0.00047738594422116874,0.000755386718083173
651.0,0.0004672732474282384,0.0007639012183062732
652.0,0.0004668518817052245,0.0007133771432563663
653.0,0.0004438994510564953,0.0007340720039792359
654.0,0.00046578137995675206,0.0007233371725305915
655.0,0.00044915912859141825,0.0007149375160224736
656.0,0.00044909623079001905,0.0007169106975197792
657.0,0.00046120323752984403,0.0007399229216389358
658.0,0.00046697364142164586,0.0007106414996087551
659.0,0.0004360661990940571,0.0007216628291644156
660.0,0.0004357086084783077,0.0007178812520578504
661.0,0.0004398854260798544,0.0007235439261421561
662.0,0.00044701058138161897,0.0007166786235757172
663.0,0.00043517395062372087,0.0007294877432286739
664.0,0.00043777180393226445,0.0007179885287769139
665.0,0.00042952861776575444,0.0007140699308365583
666.0,0.00045664258557371793,0.0007408550009131432
667.0,0.0004390027669724077,0.000719777075573802
668.0,0.0004539881609380245,0.0007442216156050563
669.0,0.0004697333450894803,0.0007271966896951199
670.0,0.000449530677869916,0.0007037037867121398
671.0,0.0004441305906511843,0.0008120929705910385
672.0,0.0004791715759783983,0.0007457335595972836
673.0,0.00046177551383152604,0.000733139633666724
674.0,0.00047567185712978245,0.0007471633143723011
675.0,0.0004578757788985968,0.0007689372287131846
676.0,0.0004469170330557972,0.0007403756026178598
677.0,0.00046311473893001677,0.0007459582411684096
678.0,0.00046641223179176447,0.000694458547513932
679.0,0.0004385617580264807,0.0007119258516468108
680.0,0.00044598184432834387,0.0007368304650299251
681.0,0.00045340398978441953,0.0007174347992986441
682.0,0.000445353876799345,0.0007376846042461693
683.0,0.0004315037135966122,0.0007013017893768847
684.0,0.00041901215771213173,0.0007021899218671024
685.0,0.0004195603891275823,0.0006928947404958308
686.0,0.0004323918034788221,0.0007162352558225393
687.0,0.0004378933785483241,0.000723863544408232
688.0,0.00045362341566942635,0.0008028715383261442
689.0,0.0004966140838805586,0.0007526742410846055
690.0,0.00048737964732572435,0.0007194980280473828
691.0,0.0004384872275404632,0.000694870192091912
692.0,0.00044517288357019425,0.0006943776388652623
693.0,0.00042606792459264395,0.0007018957403488457
694.0,0.0004161533636506647,0.0006907146889716387
695.0,0.0004402278675697744,0.0007082698866724968
696.0,0.0004239701027981937,0.000705951708368957
697.0,0.0004262915968429297,0.0006956797442398965
698.0,0.0004120330545119941,0.0007044394151307642
699.0,0.0004151290766894817,0.0006844556774012744
700.0,0.00041659154673106966,0.0007023810176178813
701.0,0.0004178187637589872,0.0007119913934729993
702.0,0.00041655005631037055,0.0007287805783562362
703.0,0.0004374719460029155,0.0007511042640544474
704.0,0.0004505075123161077,0.0007320167496800423
705.0,0.0004558754384052008,0.000753757543861866
706.0,0.0004581102887168527,0.000766835524700582
707.0,0.0004528052587993443,0.000745148048736155
708.0,0.0004527275979053229,0.0007182941189967096
709.0,0.0004522583519574255,0.0007142309914343059
710.0,0.0004267463230062276,0.0006934551056474447
711.0,0.00041393017675727604,0.0007069450221024454
712.0,0.00040388373681344094,0.0006866407347843051
713.0,0.00041563414107076825,0.000666558276861906
714.0,0.00041602846421301366,0.0006989363464526832
715.0,0.00041785576194524764,0.0006963688065297902
716.0,0.0004312283794861287,0.0007205964648164809
717.0,0.0004284306801855564,0.0007134227198548615
718.0,0.00045176935591734944,0.0007351897656917572
719.0,0.0004341013254597783,0.0007232119678519666
720.0,0.0004461948536336422,0.0006994486320763826
721.0,0.00043187034176662563,0.0006738780648447573
722.0,0.0004213650093879551,0.0007090168073773384
723.0,0.0004165626529138535,0.0006996282609179616
724.0,0.00041344291507266465,0.0007055895985104144
725.0,0.0004099342213012278,0.0007326417253352702
726.0,0.0004216094387229532,0.0007045274251140654
727.0,0.0004238850283436477,0.0006789905019104481
728.0,0.00041768333315849305,0.0006812908104620874
729.0,0.0004023162336088717,0.000666088133584708
730.0,0.0003981316213030368,0.0006595996092073619
731.0,0.0004024679756257683,0.0006604758673347533
732.0,0.00040349035896360873,0.0006655358010903001
733.0,0.00039623296284116807,0.0006654185126535594
734.0,0.0003998561247717589,0.0006749378517270088
735.0,0.00040849663224071264,0.0006620082422159612
736.0,0.0004041808967012912,0.000677272561006248
737.0,0.0004142056896816939,0.0006729498854838312
738.0,0.00039982556365430354,0.0006785666337236762
739.0,0.0004002279054839164,0.0006695939810015261
740.0,0.00040217069070786236,0.000706819468177855
741.0,0.00040234677656553685,0.0007063575321808457
742.0,0.0004138540292624384,0.0007004346116445959
743.0,0.00040931034251116214,0.0006770024774596095
744.0,0.00041649981564842166,0.0007076521869748831
745.0,0.00042075503105297685,0.0006964983767829835
746.0,0.00042543159052729605,0.0007014526054263115
747.0,0.0004043850798625499,0.0006779111572541296
748.0,0.00041141582699492576,0.0007092045270837843
749.0,0.0004411936150863767,0.0007123483228497207
750.0,0.0004356242958456278,0.0006952175754122436
751.0,0.0004141061792615801,0.0007089967257343233
752.0,0.0004240394739899784,0.0006926288479007781
753.0,0.0004134206874296069,0.0006726123974658549
754.0,0.00040503040445037186,0.0006810642080381513
755.0,0.0004217011749278754,0.0007234534132294357
756.0,0.00042133109085261823,0.0007464659865945578
757.0,0.0004110175047535449,0.0006702335667796433
758.0,0.0004165455708280206,0.0006783459102734923
759.0,0.0004091544097755104,0.0006772505585104227
760.0,0.00039620074653066696,0.0006598503096029162
761.0,0.00040122270840220155,0.0006746330764144659
762.0,0.0003905380351934582,0.0006475934642367065
763.0,0.0003920968805905432,0.0006631786818616092
764.0,0.0003992656010668725,0.0007067644619382918
765.0,0.00041168186417780815,0.0007188968011178076
766.0,0.00039897354738786816,0.0006938850856386125
767.0,0.0003980620424263179,0.0006584258517250419
768.0,0.00040003591729328037,0.0006993754650466144
769.0,0.00039138543978333476,0.0006472687236964703
770.0,0.00038731978624127804,0.0006630580755881965
771.0,0.00040245183277875184,0.0007043547229841352
772.0,0.0004130979389883578,0.000676430412568152
773.0,0.0004125427505932748,0.0006850126083008945
774.0,0.00039506386988796295,0.0007142528775148094
775.0,0.00040758941788226365,0.0006722822436131537
776.0,0.000390098855830729,0.0006810110062360764
777.0,0.00039365468942560255,0.0006686819833703339
778.0,0.0003865995337255299,0.0006622297805733979
779.0,0.0003834791297558695,0.0006420152494683862
780.0,0.00038331651128828523,0.0006391419447027147
781.0,0.00038669723807834087,0.0006952938856557012
782.0,0.00039333859411999584,0.0006748901796527207
783.0,0.0003926368809770793,0.0006722206599079072
784.0,0.0004184221960604191,0.0007020407938398421
785.0,0.0003930835584178567,0.0006620424683205783
786.0,0.00037863558204844595,0.0006398609257303178
787.0,0.0003715966264717281,0.0006517961737699807
788.0,0.00037788590509444476,0.000675076327752322
789.0,0.000384754597209394,0.0006636575562879443
790.0,0.00037276714155450464,0.0006394410156644881
791.0,0.0003687477079220116,0.0006601575296372175
792.0,0.0003844631293322891,0.0006617325125262141
793.0,0.00039565899362787606,0.0006657234043814242
794.0,0.00039192388067021966,0.0006653237505815923
795.0,0.0003918482691515237,0.0006662665982730687
796.0,0.00039126820489764216,0.0006653302698396146
797.0,0.00039878582791425286,0.0006613488658331335
798.0,0.00038737177709117533,0.0006398273399099708
799.0,0.00038999831327237187,0.0006419065175577998
800.0,0.00038210658170282843,0.0006385460146702826
801.0,0.00037248978530988097,0.0006775327492505312
802.0,0.00038232876802794634,0.0006676696939393878
803.0,0.00038299373839981854,0.0006406775792129338
804.0,0.0003924689316190779,0.0006846313481219113
805.0,0.00041869139787741006,0.000694687943905592
806.0,0.00039063207944855095,0.0007031824789009988
807.0,0.00038651018822565675,0.0006313904887065291
808.0,0.00039219344686716793,0.0006346519803628325
809.0,0.00037450096127577127,0.0006908268551342189
810.0,0.0003878017417155206,0.0006653382442891598
811.0,0.00038160463399253784,0.0006674370379187167
812.0,0.0003919152191374451,0.0006392662762664258
813.0,0.0004011427559889853,0.0006527325022034347
814.0,0.0004175707541871816,0.000654527684673667
815.0,0.00041423427313566207,0.0006932902615517378
816.0,0.00041003330424427986,0.0007144637638702989
817.0,0.000398438595701009,0.0006865388131700456
818.0,0.00039971690392121673,0.0006806046003475785
819.0,0.00039676035777665673,0.0006871986552141607
820.0,0.00039904264640063046,0.0006922704051248729
821.0,0.00038877264270558955,0.0006343757850117981
822.0,0.00038108841609209776,0.000655675190500915
823.0,0.000384805443463847,0.0006327360169962049
824.0,0.00037772207730449737,0.0006731476169079542
825.0,0.000379524985793978,0.0006381188868544996
826.0,0.00038298209477216004,0.0006838826811872423
827.0,0.0003892719114664942,0.0006916244165040553
828.0,0.0003917410727590322,0.0006336368969641626
829.0,0.0003681443159002811,0.0006468897918239236
830.0,0.0003694112556986511,0.0006806994206272066
831.0,0.000378870605956763,0.0006447706837207079
832.0,0.0003807647633366287,0.000680673576425761
833.0,0.00036629505082964896,0.0006521630566567183
834.0,0.0003742848546244204,0.0006389959016814828
835.0,0.00038090901356190444,0.0006868321797810495
836.0,0.0003813459791708738,0.0006855526589788496
837.0,0.00038056915788911284,0.0006603219080716372
838.0,0.00037298900028690695,0.0006706048734486103
839.0,0.00036617029714398083,0.0006550627877004445
840.0,0.0003631355536635965,0.0006511345272883773
841.0,0.00036445189150981607,0.0006551490514539182
842.0,0.0003600656834896654,0.0006428034976124763
843.0,0.0003622258813120425,0.000631966395303607
844.0,0.00036619045352563265,0.0006280102534219623
845.0,0.00036616948316805066,0.0006494173430837691
846.0,0.0003777749128639698,0.0006512167165055871
847.0,0.00039529466815292836,0.0007145231938920915
848.0,0.0003992051063105464,0.0006536272121593356
849.0,0.0003715078418608755,0.0006409776979126036
850.0,0.00038641569996252656,0.0006321978289633989
851.0,0.00038065561070106923,0.0006719043594785035
852.0,0.0003896161711309105,0.0006817710818722844
853.0,0.00038800213765352966,0.0006989705725573003
854.0,0.00038074620626866816,0.0006316632498055696
855.0,0.0003754640782717615,0.0006483177421614528
856.0,0.0003698156224563718,0.0006370588089339435
857.0,0.0003724021026864648,0.00062787119532004
858.0,0.0003600691966712475,0.0006644853274337947
859.0,0.000367405112599954,0.0006542292539961636
860.0,0.0003539301094133407,0.0006317439838312566
861.0,0.0003543674014508724,0.000667254498694092
862.0,0.000356652045622468,0.000612919800914824
863.0,0.0003458212383557111,0.0006372443167492747
864.0,0.000355037922039628,0.0006254180334508419
865.0,0.00036092869797721503,0.0006220059585757554
866.0,0.00035328633920289577,0.0006459453143179417
867.0,0.0003552024089731276,0.0006404743762686849
868.0,0.00036259804898872974,0.0006464519537985325
869.0,0.00037156518828123806,0.0006019189604558051
870.0,0.0003753361825365573,0.0006710203015245497
871.0,0.0003786681436467916,0.0006889471551403403
872.0,0.0003879140114877373,0.0006371612544171512
873.0,0.0003851348566822708,0.0006542053306475282
874.0,0.00037045994284562765,0.0006452459492720664
875.0,0.0003768977061845362,0.000625083688646555
876.0,0.0003672760587651283,0.0006135249859653413
877.0,0.00035233265720307827,0.0006217208574526012
878.0,0.0003521398832090199,0.0006215322064235806
879.0,0.0003634437231812626,0.0006296487408690155
880.0,0.0003457481067162007,0.0006190246785990894
881.0,0.00034260958293452857,0.0006762054981663823
882.0,0.0003755457024089992,0.0006642681546509266
883.0,0.00038044668431393803,0.0006288794684223831
884.0,0.00038617475586943327,0.0006936995196156204
885.0,0.00039932272234000267,0.0006831154460087419
886.0,0.00038206118973903357,0.0006517280708067119
887.0,0.0003697416849900037,0.0006464106845669448
888.0,0.0003695890686940402,0.0006127386004664004
889.0,0.0003388670354615897,0.0006409111665561795
890.0,0.00035026397393085064,0.0006482561002485454
891.0,0.00035256781289353967,0.0006206294056028128
892.0,0.0003512938900385052,0.0006529301172122359
893.0,0.00035760878678411245,0.0006170592969283462
894.0,0.0003640243250411004,0.0006077882135286927
895.0,0.0003611607300117612,0.0006159608601592481
896.0,0.00035128533700481057,0.0006542914779856801
897.0,0.00035062272404320536,0.0005982560105621815
898.0,0.00034660419658757747,0.0006193876615725458
899.0,0.0003507336969487369,0.0006128932000137866
900.0,0.0003604021286591887,0.0006378699326887727
901.0,0.0003631627333816141,0.0006534061394631863
902.0,0.0003620668365620077,0.0006062123575247824
903.0,0.0003508693068288267,0.0006009983480907977
904.0,0.0003606651716399938,0.0006362049607560039
905.0,0.0003543109712190926,0.0005981508293189108
906.0,0.00034318100893869995,0.0006415697280317545
907.0,0.0003492261157371104,0.000610609189607203
908.0,0.00035467943223193286,0.0006254266481846571
909.0,0.0003605281866621226,0.0006745478021912277
910.0,0.00035722285998053847,0.0006292246398515999
911.0,0.0003497694442048669,0.0006301695830188692
912.0,0.0003414592449553311,0.0006217415211722255
913.0,0.0003405225891619921,0.0006093148840591311
914.0,0.0003493557530455291,0.0006407341570593417
915.0,0.00034234540048055353,0.0006349716568365693
916.0,0.00037264519231393936,0.0006331531913019717
917.0,0.0003619537027552724,0.0006131096160970628
918.0,0.00034351921477355064,0.0005999260465614498
919.0,0.00034759003832004966,0.0006253154133446515
920.0,0.0003454464201349765,0.0006349956966005266
921.0,0.00035857826517894865,0.0006015354301780462
922.0,0.00034215838857926426,0.0006246116245165467
923.0,0.0003362064748071134,0.0006114824791438878
924.0,0.00033056345768272877,0.0006010285578668118
925.0,0.00033222353341989217,0.0006146365194581449
926.0,0.0003361463085748255,0.0006275151972658932
927.0,0.00033606641949154436,0.0006353433709591627
928.0,0.0003478549523279071,0.0006095309508964419
929.0,0.0003320114512462169,0.0006013451493345201
930.0,0.00033626603498123584,0.0006412098882719874
931.0,0.0003449272392317653,0.0006309743039309978
932.0,0.0003453236073255539,0.0006008100463077426
933.0,0.00033467645244672896,0.0005867060390301049
934.0,0.0003412660781759769,0.0006006928742863238
935.0,0.00034027569461613893,0.0005883551784791052
936.0,0.0003405628418549895,0.000597034115344286
937.0,0.0003399035045877099,0.0005931197665631771
938.0,0.00033240163838490843,0.0006150323897600174
939.0,0.00033724360982887445,0.00061029102653265
940.0,0.00033707131212577226,0.0005941582494415343
941.0,0.00032769628847017883,0.0005845307605341077
942.0,0.0003404451778624207,0.0006489153020083904
943.0,0.0003636693740263581,0.0006413593073375523
944.0,0.00036022658995352684,0.0006182906799949706
945.0,0.00035669979429803786,0.0005975079257041216
946.0,0.00035255108028650286,0.0006255828775465488
947.0,0.0003477974014822394,0.0006275736959651113
948.0,0.0003439994852524251,0.0006160195334814489
949.0,0.0003445371009875089,0.0006119403406046331
950.0,0.00033634956856258216,0.0006185529055073857
951.0,0.00035669302847236395,0.0006560163456015289
952.0,0.00036480390839278696,0.0006073414697311819
953.0,0.0003682492782827467,0.0006393177900463343
954.0,0.0003503906591795385,0.0006120811449363828
955.0,0.00034601661865599453,0.0005877006333321333
956.0,0.00035701291216537354,0.0006494486005976796
957.0,0.0003461083744186908,0.0006143244681879878
958.0,0.000344777958933264,0.0006377157988026738
959.0,0.00033668294455856086,0.000621708866674453
960.0,0.00033215225930325687,0.0006055462290532887
961.0,0.00032920018956065177,0.0005880573880858719
962.0,0.0003217136908788234,0.000588172406423837
963.0,0.0003281069528311491,0.000598680810071528
964.0,0.00032694856659509243,0.0006133883725851774
965.0,0.0003296661919448525,0.0006074215634725988
966.0,0.00034251589770428834,0.0005936194211244583
967.0,0.0003423976795747876,0.0006285895360633731
968.0,0.0003417905452661216,0.0005962641444057226
969.0,0.00032802493870258333,0.0005877816001884639
970.0,0.000332911720033735,0.0006233705789782107
971.0,0.00033029668871313334,0.0006176841561682522
972.0,0.0003345809089951217,0.0005904855206608772
973.0,0.0003440308067947626,0.0006243367679417133
974.0,0.00033395209768787026,0.000600782164838165
975.0,0.00033596062567085026,0.0006105859065428376
976.0,0.0003467524657025933,0.0005910188774578273
977.0,0.0003418015770148486,0.0005927865277044475
978.0,0.0003450295338407159,0.0006371484487317502
979.0,0.0003356476111803204,0.000608967209700495
980.0,0.0003342109303921461,0.0005602543242275715
981.0,0.00033523572492413225,0.0006311623728834093
982.0,0.00034201000235043464,0.0006050483207218349
983.0,0.0003335660209413618,0.0006119967438280582
984.0,0.00032848561205901203,0.0005881463293917477
985.0,0.00032464513764716686,0.000590354495216161
986.0,0.00033024501404725013,0.0006143892533145845
987.0,0.00033968650945462287,0.0006201639771461487
988.0,0.0003236795293632895,0.0005901270196773112
989.0,0.00031817929516546426,0.0005697323358617723
990.0,0.0003252747359219938,0.000591353396885097
991.0,0.0003084610931109637,0.0005796930636279285
992.0,0.00030996242561377583,0.0005786707624793053
993.0,0.000315778007498011,0.0005792911979369819
994.0,0.0003113840906880796,0.000584591121878475
995.0,0.00032293800753541293,0.0005990649224258959
996.0,0.0003450236669741571,0.0005689115496352315
997.0,0.00034957235865294933,0.0006754609639756382
998.0,0.00033671880490146575,0.0006005161558277905
999.0,0.0003255497373174876,0.0005697777960449457
1000.0,0.00031760871782898905,0.0005954811931587756
1001.0,0.0003177357888780534,0.0005703782080672681
1002.0,0.000316656086826697,0.0005836616037413478
1003.0,0.000322792207589373,0.0006039074505679309
1004.0,0.00032652434147894383,0.0005807768902741373
1005.0,0.000325235319789499,0.0005913160275667906
1006.0,0.0003201307661365718,0.0005791352596133947
1007.0,0.00031654201191850005,0.0005747360410168767
1008.0,0.00033325428143143654,0.0006068215006962419
1009.0,0.00034786469396203755,0.0006242095842026174
1010.0,0.00033075703168287875,0.0005855466588400304
1011.0,0.0003133677204605192,0.0005590782384388149
1012.0,0.000314430731581524,0.0005875640199519694
1013.0,0.0003137408057227731,0.0005814900505356491
1014.0,0.0003164131701923907,0.0006054373225197196
1015.0,0.00032571588130667805,0.0005898182862438262
1016.0,0.00032142059691250325,0.0005699031171388924
1017.0,0.0003221020966302603,0.000580610882025212
1018.0,0.00033078995160758495,0.0006275352789089084
1019.0,0.00033889602706767616,0.0006224060780368745
1020.0,0.0003380124787800014,0.0005744227091781795
1021.0,0.00033218615129590034,0.000600325467530638
1022.0,0.00033062156243249773,0.0005682038026861846
1023.0,0.00031752888415940105,0.0005592858651652932
1024.0,0.0003254852958489209,0.0005666087963618338
1025.0,0.0003157295482233167,0.0005881815450266004
1026.0,0.0003154224441386759,0.0005714979488402605
1027.0,0.00031083448906429114,0.0005565707688219845
1028.0,0.00031892460002563893,0.0005861571989953518
1029.0,0.000332788098603487,0.0005985152092762291
1030.0,0.00032888053543865683,0.000569019524846226
1031.0,0.00031187648861669,0.0005693337297998369
1032.0,0.0003131652211304754,0.0005528749315999448
1033.0,0.00032154885632917283,0.0005882267723791301
1034.0,0.00031727159372530876,0.0005645167548209429
1035.0,0.00031216796953231096,0.00058250647271052
1036.0,0.0003096238486468792,0.0005803774110972881
1037.0,0.00030920546082779764,0.0005814231117255986
1038.0,0.0003095926947426051,0.0005865070852451026
1039.0,0.0003072878737002611,0.0005832442548125982
1040.0,0.0003126423847861588,0.0005688596866093576
1041.0,0.0003125808422919363,0.0005703466013073921
1042.0,0.0003125453847460449,0.0005998404230922461
1043.0,0.000317601258167997,0.0005827879067510366
1044.0,0.0003196446730289608,0.0005753909354098141
1045.0,0.00033907731785438953,0.000619581260252744
1046.0,0.0003315337602980435,0.0006117458688095212
1047.0,0.0003329990196507424,0.0005834194016642869
1048.0,0.00031452831486240027,0.000571026059333235
1049.0,0.000308557695010677,0.0005852793692611158
1050.0,0.00031807273160666227,0.0005855463678017259
1051.0,0.0003154006733093411,0.0005961981369182467
1052.0,0.000306792403338477,0.0005730672273784876
1053.0,0.0003120391371194273,0.0006087618530727923
1054.0,0.00033355435985140503,0.0005822296370752156
1055.0,0.00033202091720886526,0.0006071609095670283
1056.0,0.0003304359009489417,0.0005639492301270366
1057.0,0.0003335390780121088,0.0005906922742724419
1058.0,0.0003281804237049073,0.0005948076141066849
1059.0,0.0003301967026200146,0.0005956212989985943
1060.0,0.00030629079160280525,0.0005616304115392268
1061.0,0.0003003562616650015,0.0005643513868562877
1062.0,0.00029841186152771115,0.0005457111401483417
1063.0,0.0003059077952057123,0.0005590197397395968
1064.0,0.00030119533673860134,0.0005647321813739836
1065.0,0.00030558838066644967,0.0005523667787201703
1066.0,0.0003046752829104662,0.0005642354371957481
1067.0,0.00030741937342099846,0.0005535308737307787
1068.0,0.0003000875229481608,0.0005682787741534412
1069.0,0.00031894078012555837,0.0005652728141285479
1070.0,0.0003120381613261998,0.0006372927455231547
1071.0,0.0003197474915068597,0.000551855016965419
1072.0,0.000299313303316012,0.0005677384906448424
1073.0,0.00031569563690572977,0.0005859476514160633
1074.0,0.00031270193634554746,0.0006276951753534377
1075.0,0.00034248215006664397,0.0005763049703091383
1076.0,0.00033172129769809544,0.0006154414732009172
1077.0,0.00036414373689331117,0.00056747772032395
1078.0,0.00034627936687320473,0.0006504438351839781
1079.0,0.0003363930489867926,0.0005533508956432343
1080.0,0.0003141035442240536,0.0005801937659271061
1081.0,0.000307212051237002,0.0005655208369717002
1082.0,0.00032293121819384395,0.0006289262673817575
1083.0,0.00035301052452996374,0.0005764832021668553
1084.0,0.00034339730301871895,0.0006348158931359649
1085.0,0.0003276116389315575,0.0006185172242112458
1086.0,0.000319173360010609,0.0005442092660814524
1087.0,0.00030545653635635973,0.0005671058897860348
1088.0,0.00030535770975984635,0.0005596855189651251
1089.0,0.00031314822612330315,0.0005924159195274115
1090.0,0.0003288815813139081,0.0005585089675150812
1091.0,0.00031849643285386265,0.0005795907927677035
1092.0,0.00031747135519981384,0.000566876376979053
1093.0,0.0002951324465684593,0.0005661035538651049
1094.0,0.0002924095042981207,0.0005785254179500043
1095.0,0.0003055806576739997,0.0005712623242288828
1096.0,0.0003056580815464258,0.0005422834656201303
1097.0,0.00029556021327152847,0.0005535328527912498
1098.0,0.00028052767273038624,0.000533505342900753
1099.0,0.00028190581128001213,0.0005419391673058271
1100.0,0.000288110950961709,0.0005503475549630821
1101.0,0.00028974932478740813,0.0005482612759806216
1102.0,0.0002883023561444134,0.0005451917531900108
1103.0,0.00030383509839884937,0.0005674211424775422
1104.0,0.00031417759601026773,0.0005677121225744486
1105.0,0.00030526091484352945,0.0005489730974659324
1106.0,0.00030816638632677495,0.0005445751012302935
1107.0,0.00028666420560330153,0.0005307278479449451
1108.0,0.00029158459696918725,0.0005420870147645473
1109.0,0.00030010622483678164,0.0005724836955778301
1110.0,0.00030152396275661883,0.0005415659979917109
1111.0,0.00030303446087054907,0.0005919442046433687
1112.0,0.00028642075182870033,0.0005463148700073361
1113.0,0.000294219518546015,0.0005491396295838058
1114.0,0.00028442899277433755,0.0005522152641788125
1115.0,0.00027737609716132285,0.0005401011439971626
1116.0,0.00028267567395232616,0.0005672015831805766
1117.0,0.0002877630617003888,0.0005531870992854238
1118.0,0.00027868595975451174,0.0005423976690508425
1119.0,0.00028517742827534673,0.0005469053285196424
1120.0,0.00029020404280163346,0.0005470417090691626
1121.0,0.0002897533408831805,0.00053324771579355
1122.0,0.00029329999373294414,0.0005742035573348403
1123.0,0.0002991182149853557,0.000536029227077961
1124.0,0.0002888236129656434,0.0005465115536935627
1125.0,0.0002895392943173647,0.0005461163236759603
1126.0,0.0002932247028220445,0.0005423696129582822
1127.0,0.00028909300989471377,0.0005352033185772598
1128.0,0.0002936465248931199,0.0005999557906761765
1129.0,0.0003042665370739996,0.0005767344264313579
1130.0,0.0002990195932798088,0.0005531291244551539
1131.0,0.00029757361323572693,0.0005472973571158946
1132.0,0.0003071610443294048,0.0005661924369633198
1133.0,0.0003051216851454228,0.0005569502245634794
1134.0,0.0002959716690238565,0.0005522450665012002
1135.0,0.00028835938568226994,0.0005534322699531913
1136.0,0.000296214004047215,0.0005472975317388773
1137.0,0.00028990825382061304,0.0005657323636114597
1138.0,0.00029171741381287577,0.000566903327126056
1139.0,0.0002989835951011628,0.0005267814267426729
1140.0,0.00028837552247568967,0.0005501981358975172
1141.0,0.00029459912260062994,0.0006033609970472753
1142.0,0.0003019033831078559,0.0005593249807134271
1143.0,0.00033088446664623916,0.0005981283029541373
1144.0,0.00038002423709258435,0.0006445312174037099
1145.0,0.0003269767640158534,0.0005649946397170424
1146.0,0.00031388377584517,0.0006539166788570583
1147.0,0.00033211196516640487,0.0005630568484775722
1148.0,0.0003043367068748921,0.0005449620657600462
1149.0,0.00028911857237108054,0.0005741903441958129
1150.0,0.00028599232062697413,0.0005472025950439274
1151.0,0.0002879225951619446,0.0005429089069366455
1152.0,0.00030510295974090694,0.0005529639311134815
1153.0,0.00029462622106075285,0.0005408537108451128
1154.0,0.00028238592902198436,0.0005463832058012486
1155.0,0.0002841417680028826,0.0005723870126530528
1156.0,0.0002961208299966529,0.000542770023457706
1157.0,0.000290398063370958,0.0005798101774416864
1158.0,0.0003011910314671695,0.0005429876036942005
1159.0,0.0003182135655079037,0.0005545032909139991
1160.0,0.0002852810067124665,0.0005467810551635921
1161.0,0.0002936908006668091,0.0005760957719758153
1162.0,0.00029971477738581595,0.0005823087994940579
1163.0,0.00030082128453068433,0.0005282812635414302
1164.0,0.0002798527721315622,0.0005399600486271083
1165.0,0.00028027714509516955,0.0005274818977341056
1166.0,0.00029062594170682133,0.000546347931958735
1167.0,0.00027439982630312443,0.000529720273334533
1168.0,0.00027682567737065254,0.0005486625013872981
1169.0,0.0002921691108494997,0.0005483594140969217
1170.0,0.0002887723692692816,0.0005303139332681894
1171.0,0.0002945963896345347,0.0005373386084102094
1172.0,0.0002837688736617565,0.0005421794485300779
1173.0,0.00027807083749212323,0.0005485129659064114
1174.0,0.0002725043427199125,0.0005208462825976312
1175.0,0.0002722100850660354,0.0005326956743374467
1176.0,0.0002778221943881363,0.0005367135745473206
1177.0,0.00027622415637597444,0.0005234688287600875
1178.0,0.0002687237053178251,0.0005162369343452156
1179.0,0.00027350173657760023,0.0005209328955970705
1180.0,0.00027613671007566153,0.0005325926467776299
1181.0,0.0002813164023682475,0.0005132462829351425
1182.0,0.0002767824302427471,0.0005350640858523548
1183.0,0.0002748015287797898,0.0005332011496648192
1184.0,0.0002750370311550796,0.0005320663331076503
1185.0,0.00027531326725147666,0.0005414083134382963
1186.0,0.00026676970464177427,0.0005206483765505254
1187.0,0.00026958521082997325,0.0005166301853023469
1188.0,0.00027758717234246434,0.0005389527068473399
1189.0,0.0002748055984266102,0.0005226318608038127
1190.0,0.00028184003359638153,0.0005321060889400542
1191.0,0.00028112471010535955,0.0005793533055111766
1192.0,0.0003004841371439397,0.0005536839598789811
1193.0,0.0002840378049295396,0.0005422187387011945
1194.0,0.0002954393923282623,0.0005243479390628636
1195.0,0.00027637895336374643,0.00052663404494524
1196.0,0.00027443329524248837,0.0005464376299642026
1197.0,0.00027720089582726357,0.000547858071513474
1198.0,0.0002857029421720654,0.0005904893623664975
1199.0,0.0002784480934496969,0.000521562178619206
1200.0,0.00028602265985682606,0.0005337006878107786
1201.0,0.00027999549102969467,0.0005223131156526506
1202.0,0.0002789167936425656,0.0005407097632996738
1203.0,0.00027231337572447957,0.0005420375964604318
1204.0,0.00027609895099885764,0.0005337684997357428
1205.0,0.0002778245550580323,0.0005261837504804134
1206.0,0.00028847777866758406,0.000547529140021652
1207.0,0.00029708742536604406,0.0005395819316618145
1208.0,0.00029543408332392574,0.0005621274467557669
1209.0,0.0002952576456591487,0.0005736341117881238
1210.0,0.0002987064684275538,0.0005438636871986091
1211.0,0.0002863487033173442,0.0005546986358240247
1212.0,0.0002742189620621502,0.0005293174181133509
1213.0,0.00027933804225176574,0.0005415265331976116
1214.0,0.00028325777431018653,0.0005156707484275103
1215.0,0.00027279223129153253,0.0005258509772829711
1216.0,0.00026962795667350293,0.0005205729394219816
1217.0,0.00027346332534216347,0.0005182219319976866
1218.0,0.00027218534192070365,0.0005224187625572085
1219.0,0.00027433771849609914,0.000533108483068645
1220.0,0.00027463592286221684,0.0005117130349390209
1221.0,0.0002747312665451318,0.0005265013314783573
1222.0,0.000271407344378531,0.0005223244661465287
1223.0,0.0002692313373554498,0.0005371780134737492
1224.0,0.0002893205778673291,0.0006042674067430198
1225.0,0.0003061825258191675,0.0005425806157290936
1226.0,0.0002921160978730768,0.0005278701428323984
1227.0,0.0002727990266866982,0.0005467518349178135
1228.0,0.0002774346489459276,0.000543215312063694
1229.0,0.0002888849021401256,0.000554755562916398
1230.0,0.0002777154697105289,0.0005259779281914234
1231.0,0.00027778757852502166,0.0005063179996795952
1232.0,0.00027259387844242157,0.0005400346708483994
1233.0,0.00026659641694277525,0.0005222409963607788
1234.0,0.00027197858248837294,0.000532589212525636
1235.0,0.0002588168892543763,0.0005272544221952558
1236.0,0.00026416594558395447,0.0005116431857459247
1237.0,0.00025660360092297197,0.0005086775636300445
1238.0,0.0002536006313748658,0.0005372705636546016
1239.0,0.0002683608455117792,0.0005233687697909772
1240.0,0.0002938695037737489,0.0005387830315157771
1241.0,0.00028678391920402646,0.0005368852871470153
1242.0,0.00027613128954544664,0.0005120239220559597
1243.0,0.00028064270270988345,0.0005219078157097101
1244.0,0.0002712586356792599,0.0005231149843893945
1245.0,0.0002698101829737425,0.0005208010552451015
1246.0,0.0002651411115657538,0.0005203815526328981
1247.0,0.00027653630869463086,0.0005344925448298454
1248.0,0.00028582260431721804,0.0005331295542418957
1249.0,0.0002888153318781406,0.000545053742825985
1250.0,0.0002908071726560593,0.0005912939668633044
1251.0,0.0002907573152333498,0.0005107679753564298
1252.0,0.00026966750621795657,0.0005123611772432923
1253.0,0.0002659484702162445,0.0005163376918062568
1254.0,0.00026935991551727055,0.0005334757152013481
1255.0,0.00026734242821112276,0.0005228174268268049
1256.0,0.00026829506596550345,0.0005385067779570818
1257.0,0.0002625123360194266,0.0005079337279312313
1258.0,0.00025896993721835317,0.0005134866223670542
1259.0,0.0002633942305110395,0.0005577576230280101
1260.0,0.000276505057932809,0.0005252945120446384
1261.0,0.00028182754758745434,0.0005336941685527563
1262.0,0.000264481907710433,0.0005126823089085519
1263.0,0.0002700142343528569,0.0005354918539524078
1264.0,0.0002672542727086693,0.0005316701135598123
1265.0,0.00026082686288282273,0.0005251915426924825
1266.0,0.00026924568274989724,0.0005239413003437221
1267.0,0.0002775609944947064,0.0005285983206704259
1268.0,0.00027506379573605954,0.0005366387777030468
1269.0,0.00027340440382249653,0.0005097739631310105
1270.0,0.000268000133568421,0.0005151661462150514
1271.0,0.0002679644455201924,0.0005198101862333715
1272.0,0.00026690085232257844,0.0005597778363153338
1273.0,0.00027853505569510164,0.0005369295831769705
1274.0,0.00028382320818491283,0.000541831599548459
1275.0,0.0002729889939073473,0.0005113771185278893
1276.0,0.0002676363771315664,0.0005410467274487019
1277.0,0.00027477900241501627,0.0005046637961640954
1278.0,0.0002619158572051674,0.0005353883607313037
1279.0,0.00027157935104332867,0.0005122129805386066
1280.0,0.00026839047693647444,0.0004992778412997723
1281.0,0.0002652045649010688,0.0005332666914910078
1282.0,0.00026330852042883633,0.0005122105940245092
1283.0,0.00025404745410196483,0.0004993003094568849
1284.0,0.0002628604157362133,0.0005139317363500595
1285.0,0.0002673960286192596,0.0005355547182261944
1286.0,0.00026836842973716556,0.0005209167138673365
1287.0,0.00027711547538638117,0.0005065712612122297
1288.0,0.00026397082023322583,0.0005394924664869905
1289.0,0.0002731990984175354,0.000539798813406378
1290.0,0.000264982006396167,0.000507715274579823
1291.0,0.0002731321428436786,0.0005384859396144748
1292.0,0.000279832077678293,0.00053203891729936
1293.0,0.00026991824759170415,0.000532404170371592
1294.0,0.000267849926603958,0.00052172428695485
1295.0,0.00027391281281597914,0.0005334491725079715
1296.0,0.0002648251885548234,0.0005046984297223389
1297.0,0.00027946947002783416,0.000519881839863956
1298.0,0.00028049557586200534,0.0005457872757688165
1299.0,0.0002792398387100548,0.0005651311366818845
1300.0,0.0002819637372158468,0.00054122821893543
1301.0,0.0002660988275893033,0.0005116757820360363
1302.0,0.00025905379396863284,0.0005216013523750007
1303.0,0.00026309685478918257,0.000510416750330478
1304.0,0.0002681090678088367,0.0005183129687793553
1305.0,0.0002561970630194992,0.0005005758139304817
1306.0,0.0002443199309054762,0.0004947579000145197
1307.0,0.00024650843197014183,0.0005107869510538876
1308.0,0.00025860028178431094,0.0005247435765340924
1309.0,0.00027304040687158704,0.0005326270475052297
1310.0,0.00026671490422450005,0.0004959775251336396
1311.0,0.0002529919382650405,0.0005028047598898411
1312.0,0.00024771722499281165,0.0004969747387804091
1313.0,0.0002531841858290136,0.0005166693008504808
1314.0,0.0002652803009841591,0.0005430796300061047
1315.0,0.00027207325503695754,0.0005089337355457246
1316.0,0.00025686532515101137,0.0005252478295005858
1317.0,0.0002739713964983821,0.0005181680317036808
1318.0,0.00027368691843003036,0.0005026923608966172
1319.0,0.00025122648500837386,0.0004963695537298918
1320.0,0.0002530960745643824,0.0005317775649018586
1321.0,0.0002690097247250378,0.0005207153153605759
1322.0,0.00025649562827311455,0.000507539720274508
1323.0,0.0002707898919470608,0.0004972640890628099
1324.0,0.00024919792730361225,0.0005120279965922236
1325.0,0.0002479156495537609,0.0005035376525484025
1326.0,0.00025024368311278523,0.0005132745136506855
1327.0,0.000245253867469728,0.0004995723138563335
1328.0,0.00025043445569463075,0.0005252999835647643
1329.0,0.0002581249782815576,0.0004957149503752589
1330.0,0.000255891251610592,0.0005001456011086702
1331.0,0.00025990787567570803,0.0005151680088602006
1332.0,0.00025061065261252225,0.000520341272931546
1333.0,0.0002565784808248281,0.0005147437914274633
1334.0,0.0002545106774196029,0.0005011007888242602
1335.0,0.00027207890036515893,0.0004980400553904474
1336.0,0.00024368279392365366,0.0004904987872578204
1337.0,0.0002475770232267678,0.0005202131578698754
1338.0,0.0002548780513461679,0.0005138837732374668
1339.0,0.0002462645475752652,0.0004934910102747381
1340.0,0.00026686020707711577,0.000502575421705842
1341.0,0.0002660663858987391,0.0005375219625420868
1342.0,0.00027134352084249257,0.0005464812275022268
1343.0,0.0002601455538533628,0.0004849832912441343
1344.0,0.000247901018592529,0.0005235995631664991
1345.0,0.00025131592457182703,0.0004982440150342882
1346.0,0.00025380324735306206,0.0005167184863239527
1347.0,0.00026129853609018025,0.0005257139564491808
1348.0,0.0002662982171168551,0.0005148261552676558
1349.0,0.00026680555462371556,0.0005107490578666329
1350.0,0.00025821052805986253,0.0005150327924638987
1351.0,0.0002633653348311782,0.0005788000416941941
1352.0,0.0002751950917299837,0.0004955983022227883
1353.0,0.0002591480873525143,0.0004998797085136175
1354.0,0.0002548859596718103,0.0005194724653847516
1355.0,0.0002793943453580141,0.0005043746205046773
1356.0,0.0002774864439852536,0.0005077604437246919
1357.0,0.0002679544120328501,0.0005374629981815815
1358.0,0.00026372267899569125,0.0005089209880679846
1359.0,0.00025173275778070094,0.0004915648023597896
1360.0,0.00025261938758194445,0.0005017887451685965
1361.0,0.00025293315039016305,0.0005261145997792482
1362.0,0.0002568297190591693,0.0005086803575977683
1363.0,0.0002601615658495575,0.0005005322746001184
1364.0,0.00026190366130322216,0.00047954844194464386
1365.0,0.0002750569456256926,0.0005822517559863627
1366.0,0.00027182143786922097,0.0004999326192773879
1367.0,0.000256597297731787,0.0005114392261020839
1368.0,0.0002528320257551968,0.0005131612415425479
1369.0,0.00025267859967425464,0.0004842027265112847
1370.0,0.00024136760621331632,0.0005205553607083857
1371.0,0.00024501551175490024,0.0004999650991521776
1372.0,0.00023662044445518405,0.0004865836235694587
1373.0,0.0002499193522380665,0.0005130970967002213
1374.0,0.0002407364749815315,0.0004987258580513299
1375.0,0.00023702616477385164,0.0004940404905937612
1376.0,0.00023815315926913172,0.0004928371636196971
1377.0,0.00024105909327045084,0.0005065997247584164
1378.0,0.00024440430640242994,0.0004883589572273195
1379.0,0.00025214846269227566,0.0004816935397684574
1380.0,0.0002448808343615383,0.0005118544795550406
1381.0,0.00025957259302958845,0.0004881364293396473
1382.0,0.0002454264736734331,0.0004997016512788832
1383.0,0.00025245612999424337,0.0005176696577109396
1384.0,0.00025287209544330833,0.0005182594759389758
1385.0,0.00025434574019163846,0.0004989049048162997
1386.0,0.0002495185915613547,0.0005065765581093729
1387.0,0.00024830326228402556,0.0005021776305511594
1388.0,0.00024302284652367233,0.0004971370217390358
1389.0,0.00024287209089379758,0.0004724556056316942
1390.0,0.0002504335204139352,0.0005141295841895044
1391.0,0.00024771567177958787,0.0004934865864925086
1392.0,0.0002460650587454438,0.0005026889848522842
1393.0,0.00024045344395563005,0.0004764471377711743
1394.0,0.00024280349083710462,0.0005074217915534973
1395.0,0.00024507315293885765,0.0005051123443990946
1396.0,0.00025369257130660117,0.0004975796910002828
1397.0,0.00024242503405548632,0.0005026113358326256
1398.0,0.0002398803262040019,0.00047859418555162847
1399.0,0.00023773092427290977,0.0004923315718770027
1400.0,0.00023976781545206904,0.0005070261540822685
1401.0,0.0002562527428381145,0.000491984304971993
1402.0,0.0002433214938500896,0.0005173400859348476
1403.0,0.00024762090807780625,0.000472293613711372
1404.0,0.0002510948998387903,0.0005139951827004552
1405.0,0.0002417397383833304,0.0005169460200704634
1406.0,0.00024411425332073123,0.0004904527449980378
1407.0,0.0002357087731361389,0.0004925396642647684
1408.0,0.0002310232309391722,0.00047728599747642875
1409.0,0.00023661701870150863,0.00047844770597293973
1410.0,0.00023716087185312064,0.0004938319907523692
1411.0,0.00023751628189347683,0.00048396040801890194
1412.0,0.00024800310702994464,0.0005182699533179402
1413.0,0.0002834605420939624,0.0005520213162526488
1414.0,0.0002830881590489298,0.0005129386554472148
1415.0,0.00027115630311891434,0.0005288295797072351
1416.0,0.0002644719372037798,0.0005114955129101872
1417.0,0.00025766461016610265,0.0005399848450906575
1418.0,0.0002511789344716817,0.0004810730169992894
1419.0,0.0002495533302426338,0.00048526693717576563
1420.0,0.00024647294962778685,0.00047563781845383346
1421.0,0.00023623499693349004,0.00047369932872243226
1422.0,0.00023024995205923914,0.0004866696835961193
1423.0,0.00022963069414254277,0.0004679052799474448
1424.0,0.0002349202181212604,0.0004979436635039747
1425.0,0.00024134306551422925,0.0005061871488578618
1426.0,0.00024326629331335425,0.0004932653973810375
1427.0,0.0002476030974648893,0.0004879470507148653
1428.0,0.0002469466864131391,0.0004919193452224135
1429.0,0.00026519143441691993,0.0005536650423891842
1430.0,0.00027891867817379535,0.00052681565284729
1431.0,0.0002689122532028705,0.0004895610618405044
1432.0,0.0002586972028948367,0.0004942180239595473
1433.0,0.00023670010396745057,0.0004882316570729017
1434.0,0.00023550013778731227,0.0004817000590264797
1435.0,0.00024375043157488107,0.0005034055793657899
1436.0,0.00025684769917279484,0.0005172647070139647
1437.0,0.00027833005669526754,0.0005329754785634577
1438.0,0.00025914339756127446,0.0004842032794840634
1439.0,0.00024399157147854565,0.0004686808679252863
1440.0,0.00022906437353231013,0.00048410872113890946
1441.0,0.00023300106672104448,0.0005219224840402603
1442.0,0.0002567223322112113,0.000497206230647862
1443.0,0.0002569693310651928,0.00048711529234424233
1444.0,0.0002572486917488277,0.0005074931541457772
1445.0,0.00025972091837320475,0.000499012297950685
1446.0,0.00025689542200416326,0.0005376542103476822
1447.0,0.0002742724216077477,0.0005098946276120842
1448.0,0.00025776422070339323,0.0005246062646619976
1449.0,0.0002503223482053727,0.00048471696209162474
1450.0,0.0002331984918564558,0.00047592661576345563
1451.0,0.00023430925072170794,0.0005026119179092348
1452.0,0.00023551958007737994,0.0004963674582540989
1453.0,0.000244122568750754,0.00048722614883445203
1454.0,0.0002396260134410113,0.0005152206285856664
1455.0,0.00024232113012112678,0.00048294145381078124
1456.0,0.0002442538815084845,0.00047737130080349743
1457.0,0.00023800053261220454,0.0004649421025533229
1458.0,0.00022814445616677404,0.000486313714645803
1459.0,0.00022790408437140287,0.0004675445961765945
1460.0,0.00022644924302585423,0.0004918965860269964
1461.0,0.00023072655289433895,0.00046962956548668444
1462.0,0.00022715919488109647,0.00045891813351772726
1463.0,0.00022262267721816898,0.0004642249259632081
1464.0,0.00024181812221650033,0.00049801409477368
1465.0,0.0002520968073513359,0.0005158359417691827
1466.0,0.00024238633480854334,0.00046539705363102257
1467.0,0.00023461816809140147,0.0004597606312017888
1468.0,0.00023219975922256708,0.0004882487701252103
1469.0,0.00023416156810708344,0.00045335496542975307
1470.0,0.00022297219024039805,0.00046972130076028407
1471.0,0.00022130802425090223,0.000478059722809121
1472.0,0.0002287389381090179,0.00047118988004513085
1473.0,0.0002306105592288077,0.0004937826306559145
1474.0,0.00023467045428697018,0.0005062586278654635
1475.0,0.0002354207169264555,0.0005008294247090816
1476.0,0.0002332579605281353,0.0004909851122647524
1477.0,0.0002446998965460807,0.0005085747689008713
1478.0,0.00024729071685578675,0.0004905696259811521
1479.0,0.0002449475360335782,0.00047161750262603164
1480.0,0.0002468841669615358,0.0004937798948958516
1481.0,0.00025955607439391316,0.0005365708493627608
1482.0,0.00026730525470338763,0.0004922013613395393
1483.0,0.0002431657143170014,0.0004896606551483274
1484.0,0.00024973780661821367,0.00046716746874153614
1485.0,0.00026339677651412784,0.00048269363469444215
1486.0,0.0002510200566612184,0.000529872311744839
1487.0,0.00024793425481766464,0.0004818450252059847
1488.0,0.00024427674314938483,0.00048230390530079603
1489.0,0.0002469116441207007,0.00046968250535428524
1490.0,0.00023465266660787165,0.0005061057745479047
1491.0,0.00023818984918762,0.00048222803161479533
1492.0,0.00024021523515693844,0.0004724681784864515
1493.0,0.00024006081640254705,0.00048267917009070516
1494.0,0.00023202179651707412,0.0004673035873565823
1495.0,0.00022739830939099193,0.00048657727893441916
1496.0,0.00023544469091575594,0.0004920443752780557
1497.0,0.0002391629529884085,0.0004758412833325565
1498.0,0.00023844853462651373,0.0004712389491032809
1499.0,0.00024359572469256818,0.0005035748472437263
1500.0,0.00025250489171594384,0.0005150643992237747
1501.0,0.0002368581328773871,0.0004802616313099861
1502.0,0.00023174067644868046,0.00047526328125968575
1503.0,0.00022422622737940402,0.00047086423728615046
1504.0,0.0002231928037945181,0.00047775928396731615
1505.0,0.00023675454780459405,0.0004708699998445809
1506.0,0.00023639712727162987,0.0004999942029826343
1507.0,0.00024758044932968914,0.0005019757081754506
1508.0,0.0002735133576206863,0.00047058152267709374
1509.0,0.0002683425488648936,0.00047258310951292515
1510.0,0.00023797841556370258,0.0004833806597162038
1511.0,0.00024864406790584323,0.0005157021805644035
1512.0,0.0002481740068178624,0.0004852293059229851
1513.0,0.00023682586767245084,0.0004627739835996181
1514.0,0.0002266339889029041,0.00047434360021725297
1515.0,0.0002294509873026982,0.00048457569209858775
1516.0,0.00023427850008010865,0.0004788996884599328
1517.0,0.00023711431981064378,0.0004689236229751259
1518.0,0.00022577648900914938,0.0004724559257738292
1519.0,0.0002301627800334245,0.0005118160042911768
1520.0,0.00023399285413324832,0.0004660275299102068
1521.0,0.00022650934476405382,0.0004541990638244897
1522.0,0.0002224725941196084,0.0004690033965744078
1523.0,0.00022904832696076484,0.00048569447244517505
1524.0,0.00022336553246714175,0.000461063435068354
1525.0,0.0002369831616524607,0.0004702254373114556
1526.0,0.0002361775077879429,0.0004719789430964738
1527.0,0.00023833807534538208,0.0004768086946569383
1528.0,0.0002355171046219766,0.00048610891099087894
1529.0,0.00022766513796523214,0.000493647821713239
1530.0,0.0002247309482190758,0.00047928711865097284
1531.0,0.0002460797046078369,0.0004759097355417907
1532.0,0.00024495590175502004,0.000516230589710176
1533.0,0.00023828091903124006,0.0004904572851955891
1534.0,0.00023885286378208547,0.0005016630166210234
1535.0,0.0002455116002820432,0.00046628771815449
1536.0,0.0002297710997518152,0.000462085212348029
1537.0,0.00022410506289452314,0.0004876036837231368
1538.0,0.00022423685900866986,0.0004547297430690378
1539.0,0.0002256687895860523,0.00045135931577533484
1540.0,0.0002211543379817158,0.000455247558420524
1541.0,0.00023202793439850211,0.00048236301518045366
1542.0,0.00024007872806396335,0.0005120391142554581
1543.0,0.00024270947510376573,0.00045657571172341704
1544.0,0.00022692512813955544,0.000484299729578197
1545.0,0.00022774163680151105,0.00046321621630340815
1546.0,0.00022977053129579871,0.0004568147996906191
1547.0,0.00022379259124863892,0.0004808933299500495
1548.0,0.00022493391181342305,0.0004856646992266178
1549.0,0.00024089167709462345,0.0004922739462926984
1550.0,0.00022784542408771813,0.00046005815966054797
1551.0,0.00022765402076765895,0.0004896013997495174
1552.0,0.00022698572999797762,0.000474488886538893
1553.0,0.00023612198885530233,0.0005165596958249807
1554.0,0.0002462819758802652,0.000463684817077592
1555.0,0.0002336716246791184,0.0004602197732310742
1556.0,0.0002271606067661196,0.0004511107981670648
1557.0,0.00022365905740298332,0.00047217102837748826
1558.0,0.00022525960137136282,0.00045940105337649584
1559.0,0.00021813586854841561,0.0004639746039174497
1560.0,0.00021180410764645786,0.0004554066399578005
1561.0,0.00021899205655790866,0.00046180302160792053
1562.0,0.00021714498393703252,0.0004558233777061105
1563.0,0.00021227059094235302,0.0004489040293265134
1564.0,0.00022720124968327583,0.0004645134031306952
1565.0,0.00023363443790003658,0.00045174473780207336
1566.0,0.00026420787815004587,0.0004905039677396417
1567.0,0.00024408666498493403,0.0004691571812145412
1568.0,0.00022424291307106614,0.0004830787074752152
1569.0,0.00023318558372557163,0.0004985472769476473
1570.0,0.00022754222445655614,0.000454507302492857
1571.0,0.0002178001208230853,0.0004566851712297648
1572.0,0.0002199700492201373,0.00045839257654733956
1573.0,0.00023544919793494045,0.0004727316554635763
1574.0,0.0002391901894006878,0.00045906359446235
1575.0,0.0002530983821488917,0.0005103548755869269
1576.0,0.0002617816163692623,0.0005123745067976415
1577.0,0.00024018603982403874,0.0005134126986376941
1578.0,0.0002422705579083413,0.0004874913429375738
1579.0,0.00023222445766441524,0.0004648702742997557
1580.0,0.0002266977916005999,0.0004677330143749714
1581.0,0.0002425692363176495,0.00047256675316020846
1582.0,0.00023920998757239432,0.0005208989605307579
1583.0,0.0002406641129637137,0.0004770788655150682
1584.0,0.0002329861840698868,0.00048652212717570364
1585.0,0.0002323089875280857,0.0004754628462251276
1586.0,0.0002422254658304155,0.0004656279052142054
1587.0,0.00023241061274893583,0.00045585905900225043
1588.0,0.00021943253907375038,0.0004764680052176118
1589.0,0.00021641341387294234,0.000453623419161886
1590.0,0.00021825613745022566,0.00046280608512461185
1591.0,0.00022008034866303206,0.00046233925968408585
1592.0,0.00022056584688834847,0.0004453106375876814
1593.0,0.000222382451640442,0.0004707845801021904
1594.0,0.00022892825573217124,0.0004782639443874359
1595.0,0.00022409202076960355,0.00047567265573889017
1596.0,0.00022942407685332,0.00046745300642214715
1597.0,0.00023037710413336754,0.00048256394802592695
1598.0,0.00022990954911801965,0.0004611308395396918
1599.0,0.0002233020116109401,0.0004493455053307116
1600.0,0.00022178381774574517,0.00046576603199355304
1601.0,0.0002131171845830977,0.0004581893444992602
1602.0,0.0002226425663102418,0.0004721879668068141
1603.0,0.00022993417573161424,0.0005043318960815668
1604.0,0.0002461454009171575,0.0005193028482608497
1605.0,0.00024014788400381803,0.00047158362576738
1606.0,0.00023845356865786016,0.0004651556664612144
1607.0,0.00023957014898769557,0.0004853850696235895
1608.0,0.00023012091137934477,0.000458249996881932
1609.0,0.00021708442154340447,0.0004783115873578936
1610.0,0.0002332136562326923,0.0004613456840161234
1611.0,0.00022764027188532055,0.00046298635425046086
1612.0,0.0002267720880918205,0.0004807316290680319
1613.0,0.00021980207099113613,0.0004659445257857442
1614.0,0.0002203196813352406,0.00047562323743477464
1615.0,0.0002217800987418741,0.00045789533760398626
1616.0,0.00022408659744542093,0.0004586745344568044
1617.0,0.0002150687579996884,0.0004730409709736705
1618.0,0.00021798947511706502,0.0004549313453026116
1619.0,0.00021780536323785782,0.00047742415335960686
1620.0,0.00023178749589715153,0.0004477403126657009
1621.0,0.00021612971520517022,0.00045209587551653385
1622.0,0.00021296440879814326,0.0004536794440355152
1623.0,0.00020742635848000645,0.0004425518272910267
1624.0,0.0002161692880326882,0.00045377149945124984
1625.0,0.0002299372956622392,0.00047630106564611197
1626.0,0.00023631947592366487,0.0004718522832263261
1627.0,0.00023043870157562197,0.00046520339674316347
1628.0,0.00021618226228747517,0.0004846045922022313
1629.0,0.0002322389291366562,0.000451753061497584
1630.0,0.00022362032695673407,0.00046753822243772447
1631.0,0.00021576764015480876,0.00044074904872104526
1632.0,0.0002154350783675909,0.000491632497869432
1633.0,0.00023910151375457645,0.0004981718375347555
1634.0,0.00023009509686380624,0.000491553102619946
1635.0,0.00023082682688254863,0.00047396618174389005
1636.0,0.0002299353298731148,0.00047819173778407276
1637.0,0.00022466427739709617,0.00047831275151111186
1638.0,0.00021828370261937379,0.00045120890717953444
1639.0,0.00023060273588635028,0.00046607013791799545
1640.0,0.0002476188204018399,0.000476315850391984
1641.0,0.00024040497047826649,0.0005083848955109715
1642.0,0.00023172119830269366,0.0004652132047340274
1643.0,0.0002273768464801833,0.000474079221021384
1644.0,0.00023881195799913257,0.0004609523748513311
1645.0,0.00021533597703091801,0.00046040370943956077
1646.0,0.00021211226284503936,0.00045714210136793554
1647.0,0.0002269804911920801,0.00048715833690948784
1648.0,0.00023468516184948384,0.00047195045044645667
1649.0,0.00022535000380594284,0.0004642005660571158
1650.0,0.00023848985601216554,0.00048424609121866524
1651.0,0.00023110899049788713,0.0004658035177271813
1652.0,0.00022756793978624047,0.0005002328543923795
1653.0,0.00024061425717081874,0.0005266235675662756
1654.0,0.0002357241266872734,0.0005182733293622732
1655.0,0.00025018039997667073,0.0004686664033215493
1656.0,0.00024710712127853186,0.00044868781697005033
1657.0,0.00022252884728368372,0.0004695265379268676
1658.0,0.00021503261604811997,0.00046186248073354363
1659.0,0.00021225011395290493,0.00046166000538505614
1660.0,0.00021772474970202892,0.00046695314813405275
1661.0,0.00021810349950101226,0.0004499462083913386
1662.0,0.00022390350874047728,0.000513421487994492
1663.0,0.0002241508518345654,0.00047033384907990694
1664.0,0.0002172662977827713,0.00046104658395051956
1665.0,0.00021694099018350243,0.0004907430848106742
1666.0,0.00021729730465449394,0.00047276655095629394
1667.0,0.00021385235677007586,0.00046111823758110404
1668.0,0.00022531394637189805,0.00047745180199854076
1669.0,0.0002194241143297404,0.00046623649541288614
1670.0,0.0002205824905540794,0.0004804164927918464
1671.0,0.0002314317695563659,0.00047599844401702285
1672.0,0.00022347410465590656,0.000454262102721259
1673.0,0.000231980811804533,0.00046555514563806355
1674.0,0.000227673351066187,0.00046254665357992053
1675.0,0.00021564335201401265,0.00047750602243468165
1676.0,0.0002098920263815671,0.00046209568972699344
1677.0,0.0002227259430801496,0.0004745222395285964
1678.0,0.00022641828120686114,0.00046038994332775474
1679.0,0.00022828748531173915,0.00047707479097880423
1680.0,0.00022478875995147975,0.00046424567699432373
1681.0,0.00022979697969276457,0.0004713769303634763
1682.0,0.00022283352515660226,0.00047356620780192316
1683.0,0.00021068436419591308,0.00043337440001778305
1684.0,0.00019949116464704276,0.000445164943812415
1685.0,0.0002110485112061724,0.00046656111953780055
1686.0,0.00021743373631034047,0.00045207186485640705
1687.0,0.0002140336356824264,0.00045300822239369154
1688.0,0.00021229577728081495,0.00044953369069844484
1689.0,0.00020412291609682142,0.0004436375747900456
1690.0,0.00019977425737306476,0.0004362233739811927
1691.0,0.00020551705511752516,0.00044874343439005315
1692.0,0.0002211632200051099,0.0004895285819657147
1693.0,0.00021613728324882685,0.0004429591936059296
1694.0,0.00020587898057419806,0.0004508993588387966
1695.0,0.0002215661343652755,0.0004494439926929772
1696.0,0.00022224709973670543,0.00047614381765015423
1697.0,0.00021245975303463638,0.0004531785089056939
1698.0,0.00020308476651553065,0.0004478949122130871
1699.0,0.00020737257634755225,0.0004462607321329415
1700.0,0.00020609915896784513,0.00043870581430383027
1701.0,0.00021343875350430608,0.0004622396663762629
1702.0,0.00022203754959627985,0.0004716608382295817
1703.0,0.0002147205569781363,0.0005042714183218777
1704.0,0.00023236594558693468,0.00046794142690487206
1705.0,0.0002147729881107807,0.0004507427802309394
1706.0,0.00021017009194474669,0.0004315661790315062
1707.0,0.00020227095053996892,0.00044989088200964034
1708.0,0.0001982635558815673,0.00045906545710749924
1709.0,0.00020441259711515157,0.00044484302634373307
1710.0,0.00020562210958451033,0.0004635865334421396
1711.0,0.00022305193927604704,0.00047436569002456963
1712.0,0.00022553793992847204,0.0004343220789451152
1713.0,0.0002289633166510612,0.0005534551455639303
1714.0,0.00026277449657209216,0.0004956623888574541
1715.0,0.00025403206748887897,0.00047631392953917384
1716.0,0.00024352211272343993,0.0004773159453179687
1717.0,0.00023685716628097,0.00047002368955872953
1718.0,0.0002879400111269206,0.0005536818061955273
1719.0,0.0002487943979213014,0.00044282307499088347
1720.0,0.00022367611771915107,0.00045658889575861394
1721.0,0.00020379970164503903,0.0004445229424163699
1722.0,0.00021141188184265047,0.0004591211909428239
1723.0,0.00020406887971330433,0.00044656096724793315
1724.0,0.00020523948140908032,0.000449521467089653
1725.0,0.000209469776134938,0.0004415573494043201
1726.0,0.00020753052248619498,0.00045352717279456556
1727.0,0.00021410172875039278,0.0004408700915519148
1728.0,0.000218380177160725,0.0004509487480390817
1729.0,0.00022313664783723652,0.0004672594659496099
1730.0,0.00022235436411574482,0.0004591733741108328
1731.0,0.00021429253101814538,0.0004492621519602835
1732.0,0.0002088289506500587,0.00046116707380861044
1733.0,0.00021853240323252976,0.0004461183852981776
1734.0,0.0002159080586861819,0.00044365544454194605
1735.0,0.0002153868655441329,0.00046466855565086007
1736.0,0.0002157601690851152,0.0004625298024620861
1737.0,0.00023599001904949546,0.0004624161229003221
1738.0,0.00022729105199687183,0.0004538809007499367
1739.0,0.00021754798153415323,0.00048032565973699093
1740.0,0.00022171032510232182,0.0004752633976750076
1741.0,0.00021448670513927936,0.0004364832420833409
1742.0,0.00020047662127763033,0.0004540157679002732
1743.0,0.000204086794401519,0.0004698295670095831
1744.0,0.00021754355728626252,0.0004490536521188915
1745.0,0.00020352831110358237,0.00044672138756141067
1746.0,0.00019435889762826265,0.0004373049014247954
1747.0,0.00020188026956748217,0.0004836378211621195
1748.0,0.0002112002659123391,0.000435040274169296
1749.0,0.0002098494921810925,0.0004398743622004986
1750.0,0.00021554710227064788,0.0004893478471785784
1751.0,0.0002231884169159457,0.0005148113705217838
1752.0,0.00022996510518714786,0.00045302632497623563
1753.0,0.00021149777830578386,0.0004681498685386032
1754.0,0.00021300345147028566,0.0004494373861234635
1755.0,0.00021688328112941236,0.00042892442434094846
1756.0,0.00020669347792863846,0.0004429662658367306
1757.0,0.00020871783432085066,0.00044408292160369456
1758.0,0.00022081839176826178,0.0004463102377485484
1759.0,0.00020787592919077724,0.0004685490275733173
1760.0,0.00021437556226737797,0.0004465316596906632
1761.0,0.0002220707086380571,0.00045087115722708404
1762.0,0.00021847574831917882,0.00044839727343060076
1763.0,0.00020820932369679213,0.000472467829240486
1764.0,0.000214020760380663,0.0004379219317343086
1765.0,0.00021471316437236964,0.00043777734390459955
1766.0,0.0002086989802774042,0.00045933766523376107
1767.0,0.00020154019619803874,0.0004253456718288362
1768.0,0.00019768999237567187,0.0004309465002734214
1769.0,0.00019373104069381954,0.0004377222794573754
1770.0,0.0001984189066570252,0.0004237419634591788
1771.0,0.00019830493349581957,0.00044951908057555556
1772.0,0.0002045810620766133,0.00047052919398993254
1773.0,0.00020017686346545817,0.0004637929378077388
1774.0,0.00020063891692552715,0.00042951988871209323
1775.0,0.00020618517184630035,0.00047723157331347466
1776.0,0.0002190959710860625,0.0004623733984772116
1777.0,0.00021090703539084643,0.0004230409977026284
1778.0,0.00020625851512886585,0.00047181209083646536
1779.0,0.0002214680666802451,0.00044685215107165277
1780.0,0.0002103013009764254,0.000455310451798141
1781.0,0.00021271827875170857,0.0004682418657466769
1782.0,0.00021801715507172048,0.0004431914712768048
1783.0,0.00020412320736795664,0.0004544719704426825
1784.0,0.00021025413717143239,0.00045935073285363615
1785.0,0.00021105923620052635,0.0004784331831615418
1786.0,0.00020788937469478697,0.0004421606718096882
1787.0,0.0001977755513507873,0.00045143667375668883
1788.0,0.00019166971219237893,0.00043716104119084775
1789.0,0.0001957706066314131,0.0004368454101495445
1790.0,0.00020219919842202216,0.00047602603444829583
1791.0,0.00020547895354684442,0.00043235247721895576
1792.0,0.00019841027003712953,0.0004339662555139512
1793.0,0.0001949281309498474,0.0004304870089981705
1794.0,0.000188969480805099,0.00042599873268045485
1795.0,0.0001888532630400732,0.0004318274150136858
1796.0,0.00019962874380871653,0.0004239767149556428
1797.0,0.00020168216060847044,0.0005350876599550247
1798.0,0.00021579735272098333,0.0004379861056804657
1799.0,0.00020420325803570448,0.000454448105301708
1800.0,0.00020239941671025007,0.00045040735858492553
1801.0,0.00020071561890654265,0.00047116525820456445
1802.0,0.0002061801813542843,0.0004430927219800651
1803.0,0.00019863806199282407,0.00042654911521822214
1804.0,0.0001929463060805574,0.0004459091287571937
1805.0,0.00019967781589366496,0.0004441945056896657
1806.0,0.00020214739174116402,0.0004426278464961797
1807.0,0.00020487609831616282,0.00045488710748031735
1808.0,0.00019638485065661372,0.0004536148626357317
1809.0,0.00020280330814421177,0.00044201576383784413
1810.0,0.00021022164402529598,0.00048125177272595465
1811.0,0.00021564816311001777,0.00045870683970861137
1812.0,0.00021906819124706088,0.0004486225952859968
1813.0,0.0002325991018442437,0.0004579898086376488
1814.0,0.00022274186497088521,0.00045485165901482105
1815.0,0.0002120037339627743,0.0004646693414542824
1816.0,0.00020367042627185582,0.00043160904897376895
1817.0,0.00019381336611695588,0.00042821685201488435
1818.0,0.00019397702813148498,0.0004272478981874883
1819.0,0.00019837124401237815,0.00044607967720367014
1820.0,0.00019394890044350176,0.000438606773968786
1821.0,0.00018877132306806743,0.00043454370461404324
1822.0,0.000193006785470061,0.0004335679695941508
1823.0,0.00019684003852307798,0.00043249077862128615
1824.0,0.00019168814539443702,0.00046270788880065084
1825.0,0.00019357472413685173,0.0004307851486373693
1826.0,0.00018992679775692523,0.0004528062418103218
1827.0,0.00019441195845138281,0.00044608875759877264
1828.0,0.00019920769263990224,0.00046032844693399966
1829.0,0.00020451599231455475,0.00044922062079422176
1830.0,0.00019685879140160978,0.00044511124724522233
1831.0,0.00019248155143577605,0.0004399656900204718
1832.0,0.00019594218279235065,0.0004453017027117312
1833.0,0.00019692152878269552,0.0004234009829815477
1834.0,0.0001969574923859909,0.00048380697262473404
1835.0,0.00021394947520457207,0.00046862635645084083
1836.0,0.0002189991519553587,0.00046734168427065015
1837.0,0.00021656808676198124,0.00046234726323746145
1838.0,0.0002098825747380033,0.0004458953917492181
1839.0,0.00020534830808173864,0.0004260124987922609
1840.0,0.00019377536978572608,0.000426648766733706
1841.0,0.00019692298944573849,0.0004568228905554861
1842.0,0.000208221870707348,0.00045906181912869215
1843.0,0.00019957975903525947,0.00044715063995681703
1844.0,0.00019856186863034963,0.00045279006008058786
1845.0,0.00021869124728254974,0.0004992960020899773
1846.0,0.00023683001752942802,0.00045135480468161404
1847.0,0.00020540274225641042,0.0004528363060671836
1848.0,0.00020621335180476307,0.0004496612527873367
1849.0,0.000197953024180606,0.0004318910068832338
1850.0,0.00019892713660374283,0.00045571019290946424
1851.0,0.00020491852739360183,0.00048290964332409203
1852.0,0.00021582381380721926,0.0004410886613186449
1853.0,0.00021311953326221556,0.00043931309483014047
1854.0,0.000199707243591547,0.0004503610252868384
1855.0,0.00019455246918369086,0.0004485469835344702
1856.0,0.00019916373339947313,0.0004377647128421813
1857.0,0.00019058704690542072,0.0004355476703494787
1858.0,0.00018951390602160246,0.0004245670570526272
1859.0,0.00018338939896784723,0.00043697672663256526
1860.0,0.00019092699803877622,0.0004223771102260798
1861.0,0.0001878392945509404,0.0004287335032131523
1862.0,0.0001905480419518426,0.00042298558400943875
1863.0,0.0001936828655889258,0.00044121150858700275
1864.0,0.0001997416316298768,0.00046275093336589634
1865.0,0.00020244149607606232,0.000440411880845204
1866.0,0.00019442136876750738,0.0004467669641599059
1867.0,0.00019181948562618345,0.0004229100013617426
1868.0,0.00019753129850141703,0.0004357878933660686
1869.0,0.00019843905977904797,0.00042432083864696324
1870.0,0.00019391117128543555,0.0004329935763962567
1871.0,0.00020567950222175567,0.00043351727072149515
1872.0,0.0002057644702726975,0.0004338250437285751
1873.0,0.00019028135493863373,0.0004497542104218155
1874.0,0.00019211101694963873,0.00042645138455554843
1875.0,0.0001846599525306374,0.00043506399379111826
1876.0,0.00018408850929699838,0.00042979756835848093
1877.0,0.00019452813151292503,0.00044589038589037955
1878.0,0.0001949038434540853,0.0004360200255177915
1879.0,0.00019897405605297537,0.0004499028727877885
1880.0,0.00020315035816747696,0.0004688837507274002
1881.0,0.00020922235713806002,0.00044980779057368636
1882.0,0.00021731691306922584,0.0004223852010909468
1883.0,0.0002033494064817205,0.0004561898822430521
1884.0,0.0002016395884566009,0.0004434468282852322
1885.0,0.00019671459775418042,0.00044470903230831027
1886.0,0.00019799829868134112,0.0004387901572044939
1887.0,0.0001947570920456201,0.00045746040996164083
1888.0,0.00020815732388291508,0.0004370805690996349
1889.0,0.00019200389343313872,0.00043464539339765906
1890.0,0.0001883238044101745,0.00043385650496929884
1891.0,0.00019341935124248265,0.0004252759099472314
1892.0,0.00019221969286445527,0.0004282209847588092
1893.0,0.00019218136242125185,0.0004818789311684668
1894.0,0.00022814630309585482,0.0005332183791324496
1895.0,0.00022273341740947216,0.00045388491707853973
1896.0,0.0001903895066352561,0.0004371022805571556
1897.0,0.00019416823098436,0.0004590018652379513
1898.0,0.0002070121426368132,0.00043693420593626797
1899.0,0.00021393885277211667,0.00045927276369184256
1900.0,0.00020682585192844272,0.00044692016672343016
1901.0,0.00020581716718152165,0.0005031082546338439
1902.0,0.00019835755496751516,0.00041501529631204903
1903.0,0.00019201068545226008,0.0004307231865823269
1904.0,0.00019648418226279318,0.00044092550524510443
1905.0,0.0002004141657380387,0.0004526287957560271
1906.0,0.00020164551597554237,0.00043067606748081744
1907.0,0.00020331106404773892,0.0004710065259132534
1908.0,0.00020851002272684126,0.000435098132584244
1909.0,0.00020754551282152532,0.00043605989776551723
1910.0,0.00020242580468766392,0.00046877696877345443
1911.0,0.00022320186835713684,0.00047609693137928843
1912.0,0.0002342663467861712,0.00044244376476854086
1913.0,0.0002580374928656966,0.0004657481040339917
1914.0,0.00025060604780446737,0.00046707288129255176
1915.0,0.00020184371841605752,0.0004426087252795696
1916.0,0.0001870942743262276,0.0004305113689042628
1917.0,0.00019269732933025808,0.0004373832780402154
1918.0,0.00018727814429439604,0.00042875614599324763
1919.0,0.000194470934337005,0.0004322448221500963
1920.0,0.00019544816529378295,0.00045036079245619476
1921.0,0.00020068095531314612,0.0004283664165996015
1922.0,0.0001976523434277624,0.0004315945552662015
1923.0,0.00018595430813729764,0.0004434098955243826
1924.0,0.00021121494960971176,0.0004586907452903688
1925.0,0.00021032169996760785,0.0004287120536901057
1926.0,0.00019743632501922548,0.0004340439918451011
1927.0,0.00018922423559706658,0.00044146942673251033
1928.0,0.0001860659052617848,0.00044002188951708376
1929.0,0.00019813682197127491,0.0004303505993448198
1930.0,0.00020396358985453843,0.0004372199473436922
1931.0,0.0001962153424974531,0.00043296246440149844
1932.0,0.00018736161559354514,0.00044241943396627903
1933.0,0.00018884165841154754,0.00043032507528550923
1934.0,0.00018386426917277278,0.0004276812542229891
1935.0,0.0001890519231092185,0.0004217612149659544
1936.0,0.00019086511165369301,0.00044787043589167297
1937.0,0.00018703624536283315,0.00042475174996070564
1938.0,0.00018420910811983048,0.00044368498492985964
1939.0,0.0001896947845816612,0.00042608845978975296
1940.0,0.00018291053781285883,0.0004254971572663635
1941.0,0.00018981797795277088,0.0004479236085899174
1942.0,0.00020494627370499073,0.0004164328274782747
1943.0,0.00019711234979331494,0.0004334554832894355
1944.0,0.00019938462122809142,0.0004915698664262891
1945.0,0.00018926586920861154,0.00041891116416081786
1946.0,0.00018866312003228814,0.00042969215428456664
1947.0,0.00018905051052570343,0.0004494291206356138
1948.0,0.000194119791733101,0.00044470475404523313
1949.0,0.00020894834643695503,0.00045246948138810694
1950.0,0.0002114395833341405,0.00042917285463772714
1951.0,0.0002048580648843199,0.0004511199949774891
1952.0,0.00020177886867895722,0.0004257029213476926
1953.0,0.00018558776087593287,0.00041489218710921705
1954.0,0.00018605747586116194,0.00044494555913843215
1955.0,0.00018735704012215137,0.000431625492637977
1956.0,0.0001879687673645094,0.0004451867425814271
1957.0,0.0001991092263488099,0.0004155430069658905
1958.0,0.0001939328988082707,0.00043850907240994275
1959.0,0.0001998842357425019,0.00044149134191684425
1960.0,0.00019333467457909137,0.0004222711140755564
1961.0,0.00018301748717203736,0.00043916553840972483
1962.0,0.00017804827401414513,0.0004206523881293833
1963.0,0.00018409130093641578,0.000424494210164994
1964.0,0.00018957742711063475,0.0004388454253785312
1965.0,0.00019221894850488753,0.00041874393355101347
1966.0,0.00019847013847902416,0.0004463500517886132
1967.0,0.00019557505717966706,0.00042419819510541856
1968.0,0.000180078478413634,0.0004385193169582635
1969.0,0.00019103753461968153,0.0004233749641571194
1970.0,0.00018981622275896371,0.0004258239932823926
1971.0,0.00019150035025086254,0.0004340925079304725
1972.0,0.00019820444961078464,0.00045160637819208205
1973.0,0.0001893941598245874,0.00042887803283520043
1974.0,0.00019238019920885563,0.0004504977841861546
1975.0,0.00019761003646999597,0.00047962419921532273
1976.0,0.000202904911711812,0.00044476811308413744
1977.0,0.00019689096556976438,0.0004483922093641013
1978.0,0.00019558212195988745,0.00043047472718171775
1979.0,0.00019595608732197434,0.00047650173655711114
1980.0,0.0002149641034193337,0.00044018327025696635
1981.0,0.00022307205363176764,0.0004708383639808744
1982.0,0.0002098095763940364,0.00046139131882227957
1983.0,0.0002010640015359968,0.00042520384886302054
1984.0,0.00019206224358640612,0.00045153716928325593
1985.0,0.00020499336475040763,0.0004222907591611147
1986.0,0.00020490640692878514,0.0004732811648864299
1987.0,0.000195359138189815,0.00042780081275850534
1988.0,0.0001822490222984925,0.00041742593748494983
1989.0,0.0001833492903970182,0.00043262113467790186
1990.0,0.00018843581620603799,0.00041515904013067484
1991.0,0.00018798444350250066,0.00041690663783811033
1992.0,0.00019340883824042976,0.0004447911342140287
1993.0,0.0002021304260706529,0.0004564160481095314
1994.0,0.0001962521937675774,0.00044773376430384815
1995.0,0.00018703097815159708,0.0004444714868441224
1996.0,0.00019251022778917103,0.0004397803859319538
1997.0,0.0001983863308560103,0.000428470695624128
1998.0,0.00019051864405628295,0.0004199631803203374
1999.0,0.00018298928020522,0.00042398730874992907
2000.0,0.000179498071083799,0.0004197188245598227
2001.0,0.00018334443517960608,0.0004322880122344941
2002.0,0.00018977634084876627,0.00044445390813052654
2003.0,0.0001893890699138865,0.00043355923844501376
2004.0,0.00019059708307031542,0.00041296478593721986
2005.0,0.00017666149302385747,0.0004159873933531344
2006.0,0.0001736122191650793,0.0004208228492643684
2007.0,0.00017745683470275252,0.00041383254574611783
2008.0,0.00017578982934355735,0.00041910423897206783
2009.0,0.00017722152976784854,0.0004278610576875508
2010.0,0.00017926231771707535,0.0004345984198153019
2011.0,0.0001794237339636311,0.00041601608972996473
2012.0,0.00019306270882952958,0.0004502969968598336
2013.0,0.0001929891814943403,0.00042727740947157145
2014.0,0.00019829076377209277,0.00043714005732908845
2015.0,0.00018718994769733398,0.00043461716268211603
2016.0,0.00019400557363405825,0.0004957941710017622
2017.0,0.00021029715170152485,0.0004756274865940213
2018.0,0.00019904619560111314,0.00042103687883354723
2019.0,0.00019313838612288237,0.0004276067193131894
2020.0,0.0001971710027428344,0.0004201454867143184
2021.0,0.0001906044346978888,0.0004121138481423259
2022.0,0.00018806135922204702,0.00042350299190729856
2023.0,0.00018025338381994516,0.0004395213327370584
2024.0,0.0001988581418991089,0.00041241044527851045
2025.0,0.00018603559397161007,0.0004444497753866017
2026.0,0.00018652701121754943,0.00042889348696917295
2027.0,0.0001905994174303487,0.00043784233275800943
2028.0,0.00020068494335282594,0.000425924634328112
2029.0,0.00019512222742196174,0.000414828973589465
2030.0,0.00017829925392288715,0.0004145907878410071
2031.0,0.00017904355749487878,0.00042817965731956065
2032.0,0.00018043082719668745,0.0004248766927048564
2033.0,0.00019173244945704936,0.0004195373330730945
2034.0,0.00017932687746360899,0.0004081170482095331
2035.0,0.00017453133210074156,0.0004442440695129335
2036.0,0.0001739971322240308,0.0003993711725343019
2037.0,0.0001733764010714367,0.0004193628265056759
2038.0,0.0001772185363806784,0.00043094533612020314
2039.0,0.00017812867101747542,0.0004302059824112803
2040.0,0.00018938950856681912,0.00045753506128676236
2041.0,0.00019397090573329478,0.000426397193223238
2042.0,0.0001872580610215664,0.00042513327207416296
2043.0,0.00018973827851004899,0.00044656600221060216
2044.0,0.0001869590397691354,0.0004553592880256474
2045.0,0.00019981069013010711,0.00043033924885094166
2046.0,0.0001954709596466273,0.00042247649980708957
2047.0,0.0001881266222335398,0.00041391057311557233
2048.0,0.0001841722800163552,0.00045320377103053033
2049.0,0.00018787649075966328,0.0004090747970622033
2050.0,0.00017556241468992084,0.0004216750676278025
2051.0,0.00017166893428657203,0.0004176163929514587
2052.0,0.00017767360887955874,0.0004201153642497957
2053.0,0.00018556172912940382,0.00041543960105627775
2054.0,0.0001741209083702415,0.0004175598733127117
2055.0,0.00019183385407086463,0.0004111393354833126
2056.0,0.00018617301003541798,0.00041577842785045505
2057.0,0.00018124622222967445,0.0004240082635078579
2058.0,0.00017578732897527517,0.0004172016342636198
2059.0,0.0001828038759995252,0.00042987221968360245
2060.0,0.0001832480578450486,0.00041420935303904116
2061.0,0.00017872169113252313,0.0004252532380633056
2062.0,0.00018093273125123233,0.000439620140241459
2063.0,0.00019505161023698747,0.00045733488514088094
2064.0,0.00020044785481877626,0.0004391985712572932
2065.0,0.0002009935403475538,0.000481400522403419
2066.0,0.00020522407663520426,0.0004099072830285877
2067.0,0.00018073101341724396,0.00041739174048416317
2068.0,0.00018227999948430807,0.0004139586235396564
2069.0,0.0001791604394093156,0.0004188156162854284
2070.0,0.0001720091417664662,0.0004182608099654317
2071.0,0.00017256825079675763,0.00041635223897174
2072.0,0.00017675125936511904,0.00043070834362879395
2073.0,0.00018185696995351463,0.0004142916586715728
2074.0,0.00018275883595924824,0.0004153889312874526
2075.0,0.00018155431130435318,0.0004543755785562098
2076.0,0.00018228391045704484,0.00042215915163978934
2077.0,0.0001936292789177969,0.00043888710206374526
2078.0,0.00020958690100815147,0.00043464539339765906
2079.0,0.00020120705058798195,0.0004141315002925694
2080.0,0.0001860985045786947,0.0004161667311564088
2081.0,0.00017384068889077754,0.0004113397444598377
2082.0,0.00018073175940662623,0.0004365144995972514
2083.0,0.0001880230891983956,0.0004325171175878495
2084.0,0.00020009194756858052,0.0004505836695898324
2085.0,0.0001986612994223833,0.00042774781468324363
2086.0,0.00018831939087249339,0.0004127295396756381
2087.0,0.00017588658269960432,0.0004079806967638433
2088.0,0.0001845140914665535,0.00043506393558345735
2089.0,0.00018135288590565325,0.00042719353223219514
2090.0,0.0001874057954410091,0.0004429586115293205
2091.0,0.00018250946362968534,0.00047911875299178064
2092.0,0.00020238441065885128,0.0004212900821585208
2093.0,0.0002048874624306336,0.00047308154171332717
2094.0,0.00024213899113237857,0.00044493781751953065
2095.0,0.00019888653105590493,0.00040977520984597504
2096.0,0.000185386752942577,0.00044283209717832506
2097.0,0.00018743303942028434,0.00042863329872488976
2098.0,0.00017847115837503225,0.0004074572934769094
2099.0,0.00017379660066217184,0.0004207226447761059
2100.0,0.00017395236354786903,0.0004267518233973533
2101.0,0.00017453437740914523,0.00041768906521610916
2102.0,0.0001723556958604604,0.00042667341767810285
2103.0,0.00018028035596944392,0.0004131504683755338
2104.0,0.00017734144849237054,0.0004213220963720232
2105.0,0.0001783539567841217,0.00041098063229583204
2106.0,0.00017521480633877218,0.00042573700193315744
2107.0,0.00018659978336654602,0.00041296944255009294
2108.0,0.00019590088585391642,0.00039961986476555467
2109.0,0.00019727867853362114,0.00044285276089794934
2110.0,0.00020947220840025692,0.0004444471560418606
2111.0,0.0001820456743007526,0.0004195943765807897
2112.0,0.00017109287448693067,0.0004287584451958537
2113.0,0.0001916437653126195,0.0004453849687706679
2114.0,0.00020206207456067204,0.00044403623905964196
2115.0,0.00019115792703814806,0.00043670114246197045
2116.0,0.0001859357540961355,0.00042210545507259667
2117.0,0.00018695272330660373,0.0004416637821123004
2118.0,0.00018694266851525753,0.00042434013448655605
2119.0,0.00018826201232150197,0.00041337928269058466
2120.0,0.00017867484653834255,0.0004143856931477785
2121.0,0.00018206065066624433,0.00041061145020648837
2122.0,0.00017333647573832423,0.0004415064468048513
2123.0,0.00017263399343937636,0.0004069240821991116
2124.0,0.00016793309221975505,0.00041059270733967423
2125.0,0.00016598689940292387,0.0004104224790353328
2126.0,0.00017356239689979703,0.00041538424557074904
2127.0,0.0001755627073580399,0.0004078638448845595
2128.0,0.00017864653666038065,0.00042242329800501466
2129.0,0.0001871966104954481,0.0004892806173302233
2130.0,0.0002113968313205987,0.0004765329067595303
2131.0,0.0002222697518300265,0.00041479599894955754
2132.0,0.00019003362476360052,0.00043531780829653144
2133.0,0.0001897378471912816,0.00042372080497443676
2134.0,0.00019415871542878449,0.00043940829345956445
2135.0,0.00018584432790521533,0.0004269415803719312
2136.0,0.00020503523270599543,0.0004529600264504552
